17:31:35 generate.py --wave 2 --threads 4 --max-minutes 100 (log: /home/user/wt/voice/talvennerne2/voice/logs/generate-20261003-173135.log)
17:31:35 1061 klip valgt, 550 færdige, 511 at lave
17:31:50 input frame rate=25
17:31:55 Could not load Cangjie mapping: An error happened while trying to locate the file on the Hub and we cannot find the requested files in the local cache. Please check your connection and try again or make sure your Internet connection is on.
17:31:56 model indlæst på 19 s (4 tråde)
17:32:02 ✅ EOS token detected! Stopping generation at step 62
17:32:09 kald single k=1 t3 'Stil uret, så klokken er,': 12.3 s for 2.44 s lyd
17:32:15   frag.stil_uret_saa_klokken_er t3: 2.13 s (forhold 0.98) -18.06 LUFS, alone: 'stenordet så tlokken er' CER 0.2632 (wav2vec2, whisper: 'Stig i ordet så klokken er') → FEJL asr
17:32:23 ✅ EOS token detected! Stopping generation at step 100
17:32:31 kald sentence k=1 t2 'Der er ikke enere nok. Veksl en tier til ti enere.': 16.0 s for 3.96 s lyd
17:32:36   hint.addsub2.borrowTen t2: 3.42 s (forhold 0.64) -18.13 LUFS, alone: 'der er ikke enere nok veksle end ti er til 1i enere' CER 0.1053 (wav2vec2, whisper: 'Der er ikke enere nok veksle en 10 til 10 enere') → FEJL asr
17:32:40 forcing EOS token, long_tail=tensor(True), alignment_repetition=tensor(False), token_repetition=False
17:32:40 ✅ EOS token detected! Stopping generation at step 51
17:32:46 kald sentence k=1 t2 'Regn enerne først.': 10.2 s for 2.00 s lyd
17:32:49   hint.addsub2.onesFirst t2: 1.38 s (forhold 0.89) -18.05 LUFS, alone: 'Regn enerne først' CER 0.0 (whisper, wav2vec2: 'regen enerne først') → ok
17:32:49   ✓ master hint.addsub2.onesFirst t2 (bestået)
17:32:52 ✅ EOS token detected! Stopping generation at step 39
17:32:58 kald sentence k=1 t2 'Regn tierne.': 8.6 s for 1.52 s lyd
17:33:01   hint.addsub2.tensOnly t2: 0.80 s (forhold 0.64) -18.03 LUFS, alone: 'arienterernde' CER 0.6 (wav2vec2, whisper: 'Egentierne') → FEJL asr
17:33:04 ✅ EOS token detected! Stopping generation at step 43
17:33:10 kald sentence k=1 t2 'Regn så tierne.': 9.1 s for 1.68 s lyd
17:33:13   hint.addsub2.tensThen t2: 1.06 s (forhold 0.68) -18.04 LUFS, alone: 'regen sar teerne' CER 0.3333 (wav2vec2, whisper: 'Regn tager tiderne') → FEJL asr
17:33:18 ✅ EOS token detected! Stopping generation at step 72
17:35:21 kald sentence k=1 t2 'Den er guldfarvet og mindre end tyvekronen.': 128.1 s for 2.84 s lyd
17:36:43   hint.coinNames.look.1000 t2: 2.29 s (forhold 0.56) -18.11 LUFS, alone: 'den er gulefarvet og mindre end 20 kroen' CER 0.0556 (wav2vec2, whisper: 'Den er guldfarvet og mindre end 20 kroner') → FEJL asr
17:37:03 ✅ EOS token detected! Stopping generation at step 41
17:37:15 kald single k=1 t2 'Tæl i spring med,': 32.5 s for 1.60 s lyd
17:37:21   hint.countCoins.skipBy t2: 1.03 s (forhold 0.83) -18.17 LUFS, alone: 'telli spring med' CER 0.1538 (wav2vec2, whisper: 'Tally spring med') → FEJL asr
17:37:30 ✅ EOS token detected! Stopping generation at step 48
17:37:48 kald sentence k=1 t2 'Tæl gruppe for gruppe.': 26.6 s for 1.88 s lyd
17:37:53   hint.groupsOf.countGroups t2: 1.26 s (forhold 0.67) -18.1 LUFS, alone: 'tal gruppe for gruppe' CER 0.0556 (wav2vec2, whisper: 'Tal gruppe for gruppe') → FEJL asr
17:38:04 ✅ EOS token detected! Stopping generation at step 101
17:38:16 kald sentence k=1 t2 'Tæl clipsene under tingen. Peg på hver clips, mens du tæller.': 23.5 s for 4.00 s lyd
17:38:25   hint.measureUnits.countClips t2: 3.17 s (forhold 0.63) -18.13 LUFS, alone: 'tal klipsene under tingen peg på hver klips minds du tæller' CER 0.1042 (wav2vec2, whisper: 'Tæl klipsene under tingene peg på hver klips mens du tæller') → FEJL asr
17:38:33 ✅ EOS token detected! Stopping generation at step 82
17:38:46 kald sentence k=1 t2 'Tæl langsomt, og tæl hver enkelt en gang.': 20.6 s for 3.24 s lyd
17:38:51   hint.measureUnits.eachOnce t2: 2.53 s (forhold 0.81) -18.14 LUFS, alone: 'telv langsomt og tilvære enkelt én gang' CER 0.1875 (wav2vec2, whisper: 'Tæt langsomt og tæt hver enkelt indgang') → FEJL asr
17:39:13 ✅ EOS token detected! Stopping generation at step 126
17:39:34 kald sentence k=1 t2 'Tæl hele vejen op til hundrede. Tierne og enerne skal ikke hver for si': 42.6 s for 5.00 s lyd
17:39:40   hint.missingPart100.wholeWay t2: 4.25 s (forhold 0.52) -18.17 LUFS, alone: 'tal hele vejen op til 110 t0erne og enerne skal ikke være for sig op til 10' CER 0.1562 (wav2vec2, whisper: 'Tal hele vejen op til 110'erne og enerne skal ikke være for sig op til 10') → FEJL asr
17:39:49 ✅ EOS token detected! Stopping generation at step 68
17:40:03 kald sentence k=1 t2 'Ti mindre er en tier mindre.': 23.7 s for 2.68 s lyd
17:40:10   hint.order100.tenLessMeans t2: 1.91 s (forhold 0.68) -18.08 LUFS, alone: 't0 mindre er end 10 or mindre' CER 0.2273 (wav2vec2, whisper: 'Ti mindre er en ti og mindre') → FEJL asr
17:40:23 ✅ EOS token detected! Stopping generation at step 58
17:40:32 kald sentence k=1 t2 'Ti mere er en tier mere.': 21.9 s for 2.28 s lyd
17:40:37   hint.order100.tenMoreMeans t2: 1.57 s (forhold 0.56) -18.09 LUFS, alone: 'ti mere er end 10 og mere' CER 0.1667 (wav2vec2, whisper: 'Ti mere er en ti og mere') → FEJL asr
17:40:48 forcing EOS token, long_tail=tensor(True), alignment_repetition=tensor(False), token_repetition=False
17:40:48 ✅ EOS token detected! Stopping generation at step 88
17:40:59 kald sentence k=1 t2 'Hver stang er en tier. Tæl stængerne først.': 21.4 s for 3.48 s lyd
17:41:05   hint.place.countRodsFirst t2: 2.84 s (forhold 0.83) -18.14 LUFS, alone: 'hver stang er en tiger tældstængerne først' CER 0.0588 (wav2vec2, whisper: 'Hver stang er en tiger tællestængerne først') → FEJL asr
17:41:18 ✅ EOS token detected! Stopping generation at step 100
17:41:28 kald sentence k=1 t2 'En plade er hundrede, en stang er ti, og en terning er en.': 22.8 s for 3.96 s lyd
17:41:35   hint.pv.plateRodCube t2: 3.37 s (forhold 0.63) -18.04 LUFS, alone: 'en plade er 100 en stang af 10 og en terning af 1' CER 0.093 (wav2vec2, whisper: 'En plade af 100 en stang af 10 og en terning af 1') → FEJL asr
17:41:43 ✅ EOS token detected! Stopping generation at step 83
17:41:53 kald sentence k=1 t2 'Tæl langsomt, og tæl hver stjerne en gang.': 18.4 s for 3.28 s lyd
17:41:59   hint.readChart.countSlowly t2: 2.58 s (forhold 0.83) -18.12 LUFS, alone: 'Tæl langsomt og tæl hver stjerne én gang' CER 0.0 (whisper, wav2vec2: 'til langsomt og til hver stjerne én gang') → ok
17:41:59   ✓ master hint.readChart.countSlowly t2 (bestået)
17:42:06 ✅ EOS token detected! Stopping generation at step 69
17:42:14 kald sentence k=1 t2 'Tæl stjernerne i rækken en ad gangen.': 14.3 s for 2.72 s lyd
17:42:15   hint.readChart.countStars t2: 2.02 s (forhold 0.59) -18.07 LUFS, alone: 'til stjernerne i rækken en ad gangen' CER 0.0333 (wav2vec2) → ok
17:42:15   ✓ master hint.readChart.countStars t2 (bestået)
17:42:31 ✅ EOS token detected! Stopping generation at step 103
17:42:39 kald sentence k=1 t1 'En kegle har en flad cirkel forneden og en spids foroven.': 24.5 s for 4.08 s lyd
17:42:44   hint.shapes3D.cone t1: 3.46 s (forhold 0.65) -18.1 LUFS, alone: 'en kegle har en flad sirdy fra nyden og en spids for oren' CER 0.1739 (wav2vec2, whisper: 'En kegle har en flad cirte for neden og en spids for ovnen') → FEJL asr
17:42:48 ✅ EOS token detected! Stopping generation at step 52
17:42:54 kald sentence k=1 t1 'Tjek felterne ét ad gangen.': 10.3 s for 2.04 s lyd
17:42:58   hint.symmetry.checkEach t1: 1.45 s (forhold 0.58) -18.17 LUFS, alone: 'Tjek felterne et ad gangen' CER 0.0 (whisper, wav2vec2: 'tjekfelterne er da gangen') → ok
17:42:58   ✓ master hint.symmetry.checkEach t1 (bestået)
17:43:01 ✅ EOS token detected! Stopping generation at step 46
17:43:07 kald sentence k=1 t2 'En bog er tung.': 9.4 s for 1.80 s lyd
17:43:10   hint.weightCompare.heavy.book t2: 1.08 s (forhold 0.87) -18.0 LUFS, alone: 'en bog er 2' CER 0.2727 (wav2vec2, whisper: 'En bog er et tog') → FEJL asr
17:43:14 ✅ EOS token detected! Stopping generation at step 54
17:43:21 kald sentence k=1 t2 'En flaske med vand er tung.': 10.6 s for 2.12 s lyd
17:43:24   hint.weightCompare.heavy.bottle t2: 1.34 s (forhold 0.61) -18.07 LUFS, alone: 'en flaske med vand er 2' CER 0.1429 (wav2vec2, whisper: 'En flaske med vand er 2') → FEJL asr
17:43:29 ✅ EOS token detected! Stopping generation at step 61
17:43:35 kald sentence k=1 t2 'En bog er tung, selv når den er lille.': 10.8 s for 2.40 s lyd
17:43:38   hint.weightCompare.heavyEvenSmall.book t2: 1.73 s (forhold 0.55) -18.0 LUFS, alone: 'En bog er tung selv når den er lille' CER 0.0 (whisper, wav2vec2: 'en bog af tong sendner den er lille') → ok
17:43:38   ✓ master hint.weightCompare.heavyEvenSmall.book t2 (bestået)
17:43:40 forcing EOS token, long_tail=tensor(True), alignment_repetition=tensor(False), token_repetition=False
17:43:40 ✅ EOS token detected! Stopping generation at step 21
17:43:45 kald single k=1 t2 'Hest': 6.3 s for 0.80 s lyd
17:43:45   name.species.horse t2: 0.47 s (forhold 1.51) -18.0 LUFS, none: 'None' CER None (None) → ok
17:43:47 forcing EOS token, long_tail=tensor(True), alignment_repetition=tensor(False), token_repetition=False
17:43:47 ✅ EOS token detected! Stopping generation at step 33
17:43:52 kald sentence k=1 t2 'en enkrone.': 7.7 s for 1.28 s lyd
17:43:55   noun.coin.100.indef.end t2: 0.71 s (forhold 0.57) -18.02 LUFS, alone: 'en enkron' CER 0.1111 (wav2vec2, whisper: 'End en kron') → FEJL asr
17:43:57 ✅ EOS token detected! Stopping generation at step 29
17:44:02 kald sentence k=1 t2 'en tikrone.': 7.0 s for 1.12 s lyd
17:44:04   noun.coin.1000.indef.end t2: 0.83 s (forhold 0.66) -18.0 LUFS, alone: 'en 1i krone' CER 0.2222 (wav2vec2, whisper: 'En tikkrone') → FEJL asr
17:44:08 ✅ EOS token detected! Stopping generation at step 45
17:44:13 kald sentence k=1 t2 'en hundredkroneseddel.': 8.9 s for 1.76 s lyd
17:44:16   noun.coin.10000.indef.end t2: 1.13 s (forhold 0.52) -18.0 LUFS, alone: 'en 100 kron sæddel' CER 0.15 (wav2vec2, whisper: 'En 100 kroner seddel') → FEJL asr
17:44:20 ✅ EOS token detected! Stopping generation at step 53
17:44:26 kald sentence k=1 t2 'en tohundredkroneseddel.': 9.6 s for 2.08 s lyd
17:44:29   noun.coin.20000.indef.end t2: 1.44 s (forhold 0.57) -18.09 LUFS, alone: 'en 200 kron sædddel' CER 0.1818 (wav2vec2, whisper: 'En 200 kroner seddel') → FEJL asr
17:44:32 ✅ EOS token detected! Stopping generation at step 43
17:44:38 kald sentence k=1 t2 'en halvtredsøre.': 8.8 s for 1.68 s lyd
17:44:40   noun.coin.50.indef.end t2: 0.94 s (forhold 0.60) -18.0 LUFS, alone: 'en 50 ører' CER 0.0714 (wav2vec2, whisper: 'En halvtreds øre') → FEJL asr
17:44:44 ✅ EOS token detected! Stopping generation at step 49
17:44:50 kald sentence k=1 t2 'en halvtredskroneseddel.': 9.2 s for 1.92 s lyd
17:44:53   noun.coin.5000.indef.end t2: 1.23 s (forhold 0.56) -18.0 LUFS, alone: 'en 50 kron siddel' CER 0.0909 (wav2vec2, whisper: 'En 50 kroner seddel') → FEJL asr
17:44:56 ✅ EOS token detected! Stopping generation at step 54
17:45:02 kald sentence k=1 t2 'en femhundredkroneseddel.': 9.7 s for 2.12 s lyd
17:45:05   noun.coin.50000.indef.end t2: 1.45 s (forhold 0.58) -18.07 LUFS, alone: 'ende 500 kron sæddlig' CER 0.3478 (wav2vec2, whisper: 'En 500 kroner seddel') → FEJL asr
17:45:07 forcing EOS token, long_tail=tensor(True), alignment_repetition=tensor(False), token_repetition=False
17:45:07 ✅ EOS token detected! Stopping generation at step 19
17:45:11 kald single k=1 t2 'tiere,': 6.0 s for 0.72 s lyd
17:45:11   noun.place.t.pl.mid t2: 0.17 s (forhold 0.18) -18.0 LUFS, none: 'None' CER None (None) → FEJL varighed
17:45:14 ✅ EOS token detected! Stopping generation at step 32
17:45:19 kald sentence k=1 t1 'en halvcirkel.': 7.4 s for 1.24 s lyd
17:45:22   noun.shape.semicircle.indef.end t1: 0.84 s (forhold 0.67) -18.0 LUFS, alone: 'En halv cirkel' CER 0.0 (whisper, wav2vec2: 'en halv cirke') → ok
17:45:22   ✓ master noun.shape.semicircle.indef.end t1 (bestået)
17:45:25 ✅ EOS token detected! Stopping generation at step 52
17:45:31 kald sentence k=1 t2 'To plus hvad giver fire?': 9.3 s for 2.04 s lyd
17:45:34   q.mp:2+?=4 t2: 1.35 s (forhold 0.62) -18.0 LUFS, alone: 'to plus vagerer 4' CER 0.2105 (wav2vec2, whisper: '2 plus vargerer 4') → FEJL asr
17:45:38 forcing EOS token, long_tail=tensor(True), alignment_repetition=tensor(False), token_repetition=False
17:45:38 ✅ EOS token detected! Stopping generation at step 65
17:45:44 kald sentence k=1 t2 'Fire plus hvad giver seks?': 10.7 s for 2.56 s lyd
17:45:47   q.mp:4+?=6 t2: 1.75 s (forhold 0.80) -18.0 LUFS, alone: '4 plus hvad giver 6' CER 0.0 (whisper, wav2vec2: 'fiplusvadt giver 6') → ok
17:45:47   ✓ master q.mp:4+?=6 t2 (bestået)
17:45:51 ✅ EOS token detected! Stopping generation at step 56
17:45:57 kald sentence k=1 t2 'Fire plus hvad giver syv?': 9.6 s for 2.20 s lyd
17:46:00   q.mp:4+?=7 t2: 1.52 s (forhold 0.70) -18.06 LUFS, alone: '4 plus hvad giver 7?' CER 0.0 (whisper, wav2vec2: 'fireplus hvad giver 7') → ok
17:46:00   ✓ master q.mp:4+?=7 t2 (bestået)
17:46:04 ✅ EOS token detected! Stopping generation at step 56
17:46:09 kald sentence k=1 t2 'Fire plus hvad giver otte?': 9.6 s for 2.20 s lyd
17:46:12   q.mp:4+?=8 t2: 1.42 s (forhold 0.57) -18.08 LUFS, alone: '4 plus hvad giver 8?' CER 0.0 (whisper, wav2vec2: 'fr plus vagever 8') → ok
17:46:12   ✓ master q.mp:4+?=8 t2 (bestået)
17:46:16 forcing EOS token, long_tail=tensor(True), alignment_repetition=tensor(False), token_repetition=False
17:46:16 ✅ EOS token detected! Stopping generation at step 50
17:46:21 kald sentence k=1 t2 'Seks plus hvad giver syv?': 9.1 s for 1.96 s lyd
17:46:24   q.mp:6+?=7 t2: 1.29 s (forhold 0.69) -18.0 LUFS, alone: '6 plus hvad giver 7?' CER 0.0 (whisper, wav2vec2: 's6 plus vargerer 7') → ok
17:46:24   ✓ master q.mp:6+?=7 t2 (bestået)
17:46:28 ✅ EOS token detected! Stopping generation at step 60
17:46:35 kald sentence k=1 t2 'Seks plus hvad giver otte?': 10.4 s for 2.36 s lyd
17:46:35   q.mp:6+?=8 t2: 1.69 s (forhold 0.77) -18.11 LUFS, alone: '6 plus hvad giver 8' CER 0.0 (wav2vec2) → ok
17:46:35   ✓ master q.mp:6+?=8 t2 (bestået)
17:46:40 ✅ EOS token detected! Stopping generation at step 74
17:46:47 kald sentence k=1 t2 'Jeg kan sætte figurer sammen af andre figurer.': 11.8 s for 2.92 s lyd
17:46:51   s.cando.composeShapes t2: 2.35 s (forhold 0.50) -18.06 LUFS, alone: 'jeg kan sætte figurer sammen med andre figurer' CER 0.0789 (wav2vec2, whisper: 'Jeg kan sætte figurer sammen med andre figurer') → FEJL asr
17:46:57 ✅ EOS token detected! Stopping generation at step 76
17:47:05 kald sentence k=1 t2 'Jeg kan trække tocifrede tal fra hinanden.': 14.1 s for 3.00 s lyd
17:47:06   s.cando.sub100NoBorrow t2: 2.48 s (forhold 0.61) -18.1 LUFS, alone: 'jeg kan trække tos i frede tal fra hinanden' CER 0.0286 (wav2vec2) → ok
17:47:06   ✓ master s.cando.sub100NoBorrow t2 (bestået)
17:47:11 forcing EOS token, long_tail=tensor(True), alignment_repetition=tensor(False), token_repetition=False
17:47:11 ✅ EOS token detected! Stopping generation at step 64
17:47:17 kald sentence k=1 t2 'Jeg kan plus og minus med hele tiere.': 10.6 s for 2.52 s lyd
17:47:20   s.cando.tens100 t2: 1.93 s (forhold 0.51) -18.02 LUFS, alone: 'Jeg kan plus og minus med hele tigere' CER 0.0345 (whisper, wav2vec2: 'jeg kan pluds og minus med hele tigere') → ok
17:47:20   ✓ master s.cando.tens100 t2 (bestået)
17:47:25 ✅ EOS token detected! Stopping generation at step 63
17:47:31 kald sentence k=1 t2 'Skriv brøken for den farvede del.': 10.5 s for 2.48 s lyd
17:47:34   s.fractionShape.write t2: 1.91 s (forhold 0.68) -18.07 LUFS, alone: 'skriv brøben for den farvede deg' CER 0.0741 (wav2vec2, whisper: 'Skriv brøken for den farvede D') → FEJL asr
17:47:39 ✅ EOS token detected! Stopping generation at step 60
17:47:44 kald single k=1 t2 'Tæl baglæns i tiere fra,': 10.0 s for 2.36 s lyd
17:47:48   s.order.countBackTens t2: 1.61 s (forhold 0.65) -18.1 LUFS, alone: 'til baulins i 10 hjrfra' CER 0.3158 (wav2vec2, whisper: 'Til baglæns i ti år fra') → FEJL asr
17:47:52 ✅ EOS token detected! Stopping generation at step 54
17:47:57 kald single k=1 t2 'Tæl videre i tiere fra,': 9.5 s for 2.12 s lyd
17:48:00   s.order.countOnTens t2: 1.46 s (forhold 0.52) -18.0 LUFS, alone: 'tal videre i 10 øret fra' CER 0.1667 (wav2vec2, whisper: 'Tal videre i ti år fra') → FEJL asr
17:48:04 ✅ EOS token detected! Stopping generation at step 48
17:48:09 kald single k=1 t2 'Byg kun enerne i,': 8.8 s for 1.88 s lyd
17:48:12   s.place.buildOnlyOnes t2: 1.18 s (forhold 0.63) -18.06 LUFS, alone: 'Byg kun enerne i' CER 0.0 (whisper, wav2vec2: 'by kun enerne i') → ok
17:48:12   ✓ master s.place.buildOnlyOnes t2 (bestået)
17:48:15 ✅ EOS token detected! Stopping generation at step 45
17:48:20 kald single k=1 t2 'Byg kun tierne i,': 8.4 s for 1.76 s lyd
17:48:23   s.place.buildOnlyTens t2: 1.04 s (forhold 0.56) -18.0 LUFS, alone: 'by kontierne i' CER 0.1538 (wav2vec2, whisper: 'Byg kvartererne i') → FEJL asr
17:48:27 ✅ EOS token detected! Stopping generation at step 51
17:48:33 kald single k=1 t2 'Hvad er tierne værd i,': 9.5 s for 2.00 s lyd
17:48:36   s.pv.worthTens t2: 1.30 s (forhold 0.59) -18.06 LUFS, alone: 'hvad er tierne ver e' CER 0.1765 (wav2vec2, whisper: 'Hvad er tiderne værd i?') → FEJL asr
17:48:40 ✅ EOS token detected! Stopping generation at step 58
17:48:46 kald single k=1 t4 'Stil uret, så klokken er,': 9.9 s for 2.28 s lyd
17:48:49   frag.stil_uret_saa_klokken_er t4: 1.99 s (forhold 0.91) -18.1 LUFS, alone: 'stel i ordet så klokken er' CER 0.2105 (wav2vec2, whisper: 'Stil i ordet så klokken er') → FEJL asr
17:48:56 ✅ EOS token detected! Stopping generation at step 93
17:49:03 kald sentence k=1 t3 'Der er ikke enere nok. Veksl en tier til ti enere.': 13.7 s for 3.68 s lyd
17:49:08   hint.addsub2.borrowTen t3: 3.09 s (forhold 0.58) -18.05 LUFS, alone: 'der er ikke enere nok veksle end tiog til ti enere' CER 0.1053 (wav2vec2, whisper: 'Der er ikke enere nok veksle en 10 til 10 enere') → FEJL asr
17:49:10 ✅ EOS token detected! Stopping generation at step 36
17:49:15 kald sentence k=1 t3 'Regn tierne.': 7.8 s for 1.40 s lyd
17:49:18   hint.addsub2.tensOnly t3: 0.82 s (forhold 0.66) -18.13 LUFS, alone: 'herin tierne' CER 0.3 (wav2vec2, whisper: 'Hejntiderne') → FEJL asr
17:49:21 ✅ EOS token detected! Stopping generation at step 43
17:49:26 kald sentence k=1 t3 'Regn så tierne.': 8.1 s for 1.68 s lyd
17:49:29   hint.addsub2.tensThen t3: 1.12 s (forhold 0.72) -18.19 LUFS, alone: 'regen så tiderne' CER 0.1667 (wav2vec2, whisper: 'Hein så tiderne') → FEJL asr
17:49:34 ✅ EOS token detected! Stopping generation at step 73
17:49:40 kald sentence k=1 t3 'Den er guldfarvet og mindre end tyvekronen.': 11.7 s for 2.88 s lyd
17:49:45   hint.coinNames.look.1000 t3: 2.15 s (forhold 0.53) -18.13 LUFS, alone: 'Den er gulfarvet og mindre end tyvekronen' CER 0.0278 (whisper, wav2vec2: 'den er guld ifarvet og mindre end 20 kronen') → ok
17:49:45   ✓ master hint.coinNames.look.1000 t3 (bestået)
17:49:47 ✅ EOS token detected! Stopping generation at step 37
17:49:52 kald single k=1 t3 'Tæl i spring med,': 7.8 s for 1.44 s lyd
17:49:55   hint.countCoins.skipBy t3: 0.88 s (forhold 0.70) -18.13 LUFS, alone: 'til i spring med' CER 0.0769 (wav2vec2, whisper: 'Til i spring med') → FEJL asr
17:49:58 ✅ EOS token detected! Stopping generation at step 47
17:50:04 kald sentence k=1 t3 'Tæl gruppe for gruppe.': 9.0 s for 1.84 s lyd
17:50:07   hint.groupsOf.countGroups t3: 1.17 s (forhold 0.62) -18.13 LUFS, alone: 'tal gruppe for gruppe' CER 0.0556 (wav2vec2, whisper: 'Tal gruppe for gruppe') → FEJL asr
17:50:14 ✅ EOS token detected! Stopping generation at step 100
17:50:21 kald sentence k=1 t3 'Tæl clipsene under tingen. Peg på hver clips, mens du tæller.': 14.1 s for 3.96 s lyd
17:50:26   hint.measureUnits.countClips t3: 3.25 s (forhold 0.65) -18.08 LUFS, alone: 'Tæl klipsene under tingen peg på hver klips mens du tæller' CER 0.0417 (whisper, wav2vec2: 'til klipsene under tingen peg på hver klips mins du teller') → ok
17:50:26   ✓ master hint.measureUnits.countClips t3 (bestået)
17:50:32 ✅ EOS token detected! Stopping generation at step 83
17:50:39 kald sentence k=1 t3 'Tæl langsomt, og tæl hver enkelt en gang.': 12.7 s for 3.28 s lyd
17:50:43   hint.measureUnits.eachOnce t3: 2.68 s (forhold 0.86) -18.09 LUFS, alone: 'tal langsomt og tilvære enkelt én gang' CER 0.1562 (wav2vec2, whisper: 'Tal langsomt og at tale hver enkelt én gang') → FEJL asr
17:50:52 forcing EOS token, long_tail=tensor(True), alignment_repetition=tensor(False), token_repetition=False
17:50:52 ✅ EOS token detected! Stopping generation at step 134
17:51:01 kald sentence k=1 t3 'Tæl hele vejen op til hundrede. Tierne og enerne skal ikke hver for si': 18.7 s for 5.32 s lyd
17:51:07   hint.missingPart100.wholeWay t3: 4.76 s (forhold 0.59) -18.08 LUFS, alone: 'tæl helvejen o til 100tierne og enerne skal ikke vær for sig op til 10' CER 0.0625 (wav2vec2, whisper: 'Tæl hele vejen op til 110 og enerne skal ikke være for sig op til 10') → FEJL asr
17:51:11 ✅ EOS token detected! Stopping generation at step 56
17:51:17 kald sentence k=1 t3 'Ti mindre er en tier mindre.': 9.9 s for 2.20 s lyd
17:51:20   hint.order100.tenLessMeans t3: 1.57 s (forhold 0.56) -18.12 LUFS, alone: 't0mindre er end 10 og mindre' CER 0.2727 (wav2vec2, whisper: 'Ti mindre er end ti og mindre') → FEJL asr
17:51:25 ✅ EOS token detected! Stopping generation at step 67
17:51:31 kald sentence k=1 t3 'Ti mere er en tier mere.': 11.4 s for 2.64 s lyd
17:51:35   hint.order100.tenMoreMeans t3: 1.99 s (forhold 0.71) -18.1 LUFS, alone: 't0 mere er end 10 og mere' CER 0.3333 (wav2vec2, whisper: 'Ti mere er en ti og mere') → FEJL asr
17:51:41 forcing EOS token, long_tail=tensor(True), alignment_repetition=tensor(False), token_repetition=False
17:51:41 ✅ EOS token detected! Stopping generation at step 89
17:51:48 kald sentence k=1 t3 'Hver stang er en tier. Tæl stængerne først.': 13.7 s for 3.52 s lyd
17:51:53   hint.place.countRodsFirst t3: 2.81 s (forhold 0.82) -18.07 LUFS, alone: 'Hver stang er en tiger tæl stængerne først' CER 0.0294 (whisper, wav2vec2: 'hver stang er en tiger til stængerne først') → ok
17:51:53   ✓ master hint.place.countRodsFirst t3 (bestået)
17:52:00 ✅ EOS token detected! Stopping generation at step 105
17:52:08 kald sentence k=1 t3 'En plade er hundrede, en stang er ti, og en terning er en.': 15.4 s for 4.16 s lyd
17:52:12   hint.pv.plateRodCube t3: 3.64 s (forhold 0.69) -18.12 LUFS, alone: 'en plade er 10 en stang af 10 og en terning af 1' CER 0.2791 (wav2vec2, whisper: 'En plade af 100 en stang af 10 og en terning af 1') → FEJL asr
17:52:20 ✅ EOS token detected! Stopping generation at step 110
17:52:28 kald sentence k=1 t2 'En kegle har en flad cirkel forneden og en spids foroven.': 15.8 s for 4.36 s lyd
17:52:33   hint.shapes3D.cone t2: 3.52 s (forhold 0.66) -18.16 LUFS, alone: 'En kegle har en flad cirkel for neden og en spids for oven' CER 0.0 (whisper, wav2vec2: 'en kegle har en flad cirkel for nyden og en spids for åren') → ok
17:52:33   ✓ master hint.shapes3D.cone t2 (bestået)
17:52:36 ✅ EOS token detected! Stopping generation at step 39
17:52:41 kald sentence k=1 t3 'En bog er tung.': 8.3 s for 1.52 s lyd
17:52:44   hint.weightCompare.heavy.book t3: 0.81 s (forhold 0.65) -18.12 LUFS, alone: 'en bog af 2' CER 0.4545 (wav2vec2, whisper: 'En bog af 2') → FEJL asr
17:52:48 ✅ EOS token detected! Stopping generation at step 48
17:52:53 kald sentence k=1 t3 'En flaske med vand er tung.': 9.0 s for 1.88 s lyd
17:52:56   hint.weightCompare.heavy.bottle t3: 1.26 s (forhold 0.58) -18.08 LUFS, alone: 'en flaske med vand er 2' CER 0.1429 (wav2vec2, whisper: 'En flaske med vand er 2') → FEJL asr
17:52:59 forcing EOS token, long_tail=tensor(True), alignment_repetition=tensor(False), token_repetition=False
17:52:59 ✅ EOS token detected! Stopping generation at step 34
17:53:04 kald sentence k=1 t3 'en enkrone.': 8.0 s for 1.32 s lyd
17:53:07   noun.coin.100.indef.end t3: 0.79 s (forhold 0.63) -18.08 LUFS, alone: 'end en kron' CER 0.2222 (wav2vec2, whisper: 'End en kron') → FEJL asr
17:53:09 ✅ EOS token detected! Stopping generation at step 30
17:53:14 kald sentence k=1 t3 'en tikrone.': 7.2 s for 1.16 s lyd
17:53:17   noun.coin.1000.indef.end t3: 0.83 s (forhold 0.67) -18.0 LUFS, alone: 'en tikhorne' CER 0.2222 (wav2vec2, whisper: 'En tækhane') → FEJL asr
17:53:20 ✅ EOS token detected! Stopping generation at step 49
17:53:26 kald sentence k=1 t3 'en hundredkroneseddel.': 9.1 s for 1.92 s lyd
17:53:29   noun.coin.10000.indef.end t3: 1.28 s (forhold 0.58) -18.0 LUFS, alone: 'en 100 kronseddel' CER 0.1 (wav2vec2, whisper: 'En 100 kroner seddel') → FEJL asr
17:53:33 ✅ EOS token detected! Stopping generation at step 54
17:53:39 kald sentence k=1 t3 'en tohundredkroneseddel.': 9.8 s for 2.12 s lyd
17:53:41   noun.coin.20000.indef.end t3: 1.52 s (forhold 0.61) -18.0 LUFS, alone: 'ien 200 kron sædddel' CER 0.2273 (wav2vec2, whisper: 'En 200 kroner seddel') → FEJL asr
17:53:44 ✅ EOS token detected! Stopping generation at step 39
17:53:50 kald sentence k=1 t3 'en halvtredsøre.': 8.2 s for 1.52 s lyd
17:53:53   noun.coin.50.indef.end t3: 0.92 s (forhold 0.59) -18.0 LUFS, alone: 'en 50søer' CER 0.2143 (wav2vec2, whisper: 'En havde 60 øer') → FEJL asr
17:53:56 ✅ EOS token detected! Stopping generation at step 53
17:54:02 kald sentence k=1 t3 'en halvtredskroneseddel.': 9.8 s for 2.08 s lyd
17:54:05   noun.coin.5000.indef.end t3: 1.40 s (forhold 0.64) -18.0 LUFS, alone: 'en 50 kron i sæddel' CER 0.0909 (wav2vec2, whisper: 'En 50 kroner seddel') → FEJL asr
17:54:09 ✅ EOS token detected! Stopping generation at step 52
17:54:15 kald sentence k=1 t3 'en femhundredkroneseddel.': 9.8 s for 2.04 s lyd
17:54:18   noun.coin.50000.indef.end t3: 1.42 s (forhold 0.57) -18.0 LUFS, alone: 'en 500 kron i sædddel' CER 0.1739 (wav2vec2, whisper: 'En 500 kroner seddel') → FEJL asr
17:54:19 forcing EOS token, long_tail=tensor(True), alignment_repetition=tensor(False), token_repetition=False
17:54:19 ✅ EOS token detected! Stopping generation at step 17
17:54:24 kald single k=1 t3 'tiere,': 6.0 s for 0.64 s lyd
17:54:24   noun.place.t.pl.mid t3: 0.35 s (forhold 0.38) -18.0 LUFS, none: 'None' CER None (None) → FEJL varighed
17:54:28 ✅ EOS token detected! Stopping generation at step 45
17:54:33 kald sentence k=1 t3 'To plus hvad giver fire?': 8.7 s for 1.76 s lyd
17:54:36   q.mp:2+?=4 t3: 1.18 s (forhold 0.54) -18.0 LUFS, alone: 'to plus lag giver 4' CER 0.1579 (wav2vec2, whisper: 'To plus lader give fire') → FEJL asr
17:54:41 ✅ EOS token detected! Stopping generation at step 70
17:54:47 kald sentence k=1 t3 'Jeg kan sætte figurer sammen af andre figurer.': 11.1 s for 2.76 s lyd
17:54:51   s.cando.composeShapes t3: 2.15 s (forhold 0.46) -18.17 LUFS, alone: 'jeg kan sætte figurer sammen med andre figurer' CER 0.0789 (wav2vec2, whisper: 'Jeg kan sætte figurer sammen med andre figurer') → FEJL asr
17:54:55 ✅ EOS token detected! Stopping generation at step 64
17:55:01 kald sentence k=1 t3 'Skriv brøken for den farvede del.': 10.4 s for 2.52 s lyd
17:55:05   s.fractionShape.write t3: 1.99 s (forhold 0.71) -18.02 LUFS, alone: 'skriv brøden fra den farvede del' CER 0.1111 (wav2vec2, whisper: 'Skriv brødden for den farvede del') → FEJL asr
17:55:09 ✅ EOS token detected! Stopping generation at step 61
17:55:14 kald single k=1 t3 'Tæl baglæns i tiere fra,': 10.0 s for 2.40 s lyd
17:55:18   s.order.countBackTens t3: 1.65 s (forhold 0.66) -18.13 LUFS, alone: 'talv baglens i 1i året fra' CER 0.3684 (wav2vec2, whisper: 'Tal baglæns i ti år fra') → FEJL asr
17:55:22 ✅ EOS token detected! Stopping generation at step 59
17:55:28 kald single k=1 t3 'Tæl videre i tiere fra,': 10.3 s for 2.32 s lyd
17:55:31   s.order.countOnTens t3: 1.56 s (forhold 0.55) -18.0 LUFS, alone: 'tel videre i til jrfra' CER 0.2222 (wav2vec2, whisper: 'Til videre i ti år fra') → FEJL asr
17:55:35 ✅ EOS token detected! Stopping generation at step 46
17:55:40 kald single k=1 t3 'Byg kun tierne i,': 8.9 s for 1.80 s lyd
17:55:43   s.place.buildOnlyTens t3: 1.07 s (forhold 0.57) -18.04 LUFS, alone: 'by kun tierne i' CER 0.0769 (wav2vec2, whisper: 'Byg kun tiderne i') → FEJL asr
17:55:46 ✅ EOS token detected! Stopping generation at step 46
17:55:52 kald single k=1 t3 'Hvad er tierne værd i,': 8.9 s for 1.80 s lyd
17:55:55   s.pv.worthTens t3: 1.06 s (forhold 0.48) -18.07 LUFS, alone: 'hvad er tierne hver i' CER 0.1765 (wav2vec2, whisper: 'Hvad er tiderne hver i?') → FEJL asr
17:56:02 ✅ EOS token detected! Stopping generation at step 92
17:56:09 kald sentence k=1 t4 'Der er ikke enere nok. Veksl en tier til ti enere.': 14.1 s for 3.64 s lyd
17:56:14   hint.addsub2.borrowTen t4: 3.11 s (forhold 0.59) -18.05 LUFS, alone: 'der er ikke enere nok veksle end ti og til ti enere' CER 0.1053 (wav2vec2, whisper: 'Der er ikke enere nok vekslet en 10 til 10 enere') → FEJL asr
17:56:14   ✓ master hint.addsub2.borrowTen t0 (IKKE bestået: asr)
17:56:16 ✅ EOS token detected! Stopping generation at step 39
17:56:22 kald sentence k=1 t4 'Regn tierne.': 8.1 s for 1.52 s lyd
17:56:24   hint.addsub2.tensOnly t4: 0.87 s (forhold 0.70) -18.13 LUFS, alone: 'rejen tigerne' CER 0.3 (wav2vec2, whisper: 'Regntiderne') → FEJL asr
17:56:24   ✓ master hint.addsub2.tensOnly t1 (IKKE bestået: asr)
17:56:27 ✅ EOS token detected! Stopping generation at step 43
17:56:33 kald sentence k=1 t4 'Regn så tierne.': 8.6 s for 1.68 s lyd
17:56:35   hint.addsub2.tensThen t4: 1.05 s (forhold 0.67) -18.11 LUFS, alone: 'hejen satierne' CER 0.3333 (wav2vec2, whisper: 'Regn satirene') → FEJL asr
17:56:35   ✓ master hint.addsub2.tensThen t1 (IKKE bestået: asr)
17:56:38 ✅ EOS token detected! Stopping generation at step 38
17:56:43 kald single k=1 t4 'Tæl i spring med,': 8.0 s for 1.48 s lyd
17:56:44   hint.countCoins.skipBy t4: 0.88 s (forhold 0.71) -18.0 LUFS, alone: 'tæl i spring med' CER 0.0 (wav2vec2) → ok
17:56:44   ✓ master hint.countCoins.skipBy t4 (bestået)
17:56:47 ✅ EOS token detected! Stopping generation at step 44
17:56:53 kald sentence k=1 t4 'Tæl gruppe for gruppe.': 8.8 s for 1.72 s lyd
17:56:56   hint.groupsOf.countGroups t4: 1.20 s (forhold 0.64) -18.13 LUFS, alone: 'telv gruppe for gruppe' CER 0.1111 (wav2vec2, whisper: 'Tal gruppe for gruppe') → FEJL asr
17:56:56   ✓ master hint.groupsOf.countGroups t0 (IKKE bestået: asr)
17:57:02 ✅ EOS token detected! Stopping generation at step 88
17:57:09 kald sentence k=1 t4 'Tæl langsomt, og tæl hver enkelt en gang.': 13.7 s for 3.48 s lyd
17:57:14   hint.measureUnits.eachOnce t4: 2.73 s (forhold 0.87) -18.1 LUFS, alone: 'Tæl langsomt og tæl hver enkelt en gang' CER 0.0 (whisper, wav2vec2: 'telv langsomt og til hver enkelt én gang') → ok
17:57:14   ✓ master hint.measureUnits.eachOnce t4 (bestået)
17:57:23 forcing EOS token, long_tail=tensor(True), alignment_repetition=tensor(False), token_repetition=False
17:57:23 ✅ EOS token detected! Stopping generation at step 130
17:57:31 kald sentence k=1 t4 'Tæl hele vejen op til hundrede. Tierne og enerne skal ikke hver for si': 17.6 s for 5.16 s lyd
17:57:37   hint.missingPart100.wholeWay t4: 4.46 s (forhold 0.55) -18.06 LUFS, alone: 'tal hele vejen op til 10erne og enerne skal ikke være for sig op til 10' CER 0.1875 (wav2vec2, whisper: 'Tælle hele vejen op til 110'erne og enerne skal ikke være for sig op til 10') → FEJL asr
17:57:37   ✓ master hint.missingPart100.wholeWay t3 (IKKE bestået: asr)
17:57:41 ✅ EOS token detected! Stopping generation at step 57
17:57:47 kald sentence k=1 t4 'Ti mindre er en tier mindre.': 9.9 s for 2.24 s lyd
17:57:50   hint.order100.tenLessMeans t4: 1.69 s (forhold 0.60) -18.0 LUFS, alone: '10 mindre er end 10 og mindre' CER 0.1364 (wav2vec2, whisper: 'Ti mindre er en ti og mindre') → FEJL asr
17:57:50   ✓ master hint.order100.tenLessMeans t0 (IKKE bestået: asr)
17:57:54 ✅ EOS token detected! Stopping generation at step 61
17:58:00 kald sentence k=1 t4 'Ti mere er en tier mere.': 10.4 s for 2.40 s lyd
17:58:03   hint.order100.tenMoreMeans t4: 1.83 s (forhold 0.65) -18.17 LUFS, alone: 'Ti mere er en tier mere' CER 0.0 (whisper, wav2vec2: 'ti mere er en ti og mere') → ok
17:58:04   ✓ master hint.order100.tenMoreMeans t4 (bestået)
17:58:12 forcing EOS token, long_tail=tensor(True), alignment_repetition=tensor(False), token_repetition=False
17:58:12 ✅ EOS token detected! Stopping generation at step 114
17:58:20 kald sentence k=1 t4 'En plade er hundrede, en stang er ti, og en terning er en.': 16.5 s for 4.52 s lyd
17:58:25   hint.pv.plateRodCube t4: 3.87 s (forhold 0.73) -18.02 LUFS, alone: 'en plade er 100 en stang af 10 og en terning af em' CER 0.1163 (wav2vec2, whisper: 'En plade af 100 en stang af 10 og en terning af 1') → FEJL asr
17:58:25   ✓ master hint.pv.plateRodCube t0 (IKKE bestået: asr)
17:58:27 ✅ EOS token detected! Stopping generation at step 37
17:58:32 kald sentence k=1 t4 'En bog er tung.': 7.9 s for 1.44 s lyd
17:58:35   hint.weightCompare.heavy.book t4: 0.81 s (forhold 0.65) -18.06 LUFS, alone: 'En bog er tung' CER 0.0 (whisper, wav2vec2: 'en bog af tung') → ok
17:58:35   ✓ master hint.weightCompare.heavy.book t4 (bestået)
17:58:39 ✅ EOS token detected! Stopping generation at step 51
17:58:44 kald sentence k=1 t4 'En flaske med vand er tung.': 9.3 s for 2.00 s lyd
17:58:47   hint.weightCompare.heavy.bottle t4: 1.34 s (forhold 0.61) -18.0 LUFS, alone: 'en flaske med vand er 2' CER 0.1429 (wav2vec2, whisper: 'En flaske med vand er 2') → FEJL asr
17:58:48   ✓ master hint.weightCompare.heavy.bottle t0 (IKKE bestået: asr)
17:58:50 forcing EOS token, long_tail=tensor(True), alignment_repetition=tensor(False), token_repetition=False
17:58:50 ✅ EOS token detected! Stopping generation at step 28
17:58:55 kald sentence k=1 t4 'en enkrone.': 7.1 s for 1.08 s lyd
17:58:57   noun.coin.100.indef.end t4: 0.86 s (forhold 0.69) -18.08 LUFS, alone: 'en en kron' CER 0.1111 (wav2vec2, whisper: 'En en krone') → FEJL asr
17:58:57   ✓ master noun.coin.100.indef.end t1 (IKKE bestået: asr)
17:58:59 ✅ EOS token detected! Stopping generation at step 30
17:59:04 kald sentence k=1 t4 'en tikrone.': 7.2 s for 1.16 s lyd
17:59:07   noun.coin.1000.indef.end t4: 0.83 s (forhold 0.66) -18.0 LUFS, alone: 'en 10krone' CER 0.0 (wav2vec2, whisper: 'En tikkrone') → FEJL asr
17:59:07   ✓ master noun.coin.1000.indef.end t0 (IKKE bestået: asr)
17:59:10 ✅ EOS token detected! Stopping generation at step 46
17:59:15 kald sentence k=1 t4 'en hundredkroneseddel.': 8.6 s for 1.80 s lyd
17:59:18   noun.coin.10000.indef.end t4: 1.13 s (forhold 0.52) -18.0 LUFS, alone: 'en 100 kron sædddel' CER 0.2 (wav2vec2, whisper: 'En 100 kroner seddel') → FEJL asr
17:59:18   ✓ master noun.coin.10000.indef.end t3 (IKKE bestået: asr)
17:59:22 ✅ EOS token detected! Stopping generation at step 50
17:59:27 kald sentence k=1 t4 'en tohundredkroneseddel.': 9.2 s for 1.96 s lyd
17:59:30   noun.coin.20000.indef.end t4: 1.48 s (forhold 0.59) -18.0 LUFS, alone: 'en 200 kron selv' CER 0.2727 (wav2vec2, whisper: 'End 200 kroner selv') → FEJL asr
17:59:30   ✓ master noun.coin.20000.indef.end t0 (IKKE bestået: asr)
17:59:33 ✅ EOS token detected! Stopping generation at step 43
17:59:39 kald sentence k=1 t4 'en halvtredsøre.': 8.6 s for 1.68 s lyd
17:59:42   noun.coin.50.indef.end t4: 1.06 s (forhold 0.68) -18.11 LUFS, alone: 'en 50 ører' CER 0.0714 (wav2vec2, whisper: 'En halvtreds øer') → FEJL asr
17:59:42   ✓ master noun.coin.50.indef.end t2 (IKKE bestået: asr)
17:59:45 ✅ EOS token detected! Stopping generation at step 47
17:59:50 kald sentence k=1 t4 'en halvtredskroneseddel.': 8.5 s for 1.84 s lyd
17:59:53   noun.coin.5000.indef.end t4: 1.31 s (forhold 0.60) -18.0 LUFS, alone: 'en 50 kron siddel' CER 0.0909 (wav2vec2, whisper: 'En 50 kroner seddel') → FEJL asr
17:59:53   ✓ master noun.coin.5000.indef.end t0 (IKKE bestået: asr)
17:59:56 ✅ EOS token detected! Stopping generation at step 48
18:00:02 kald sentence k=1 t4 'en femhundredkroneseddel.': 9.1 s for 1.88 s lyd
18:00:05   noun.coin.50000.indef.end t4: 1.34 s (forhold 0.54) -18.0 LUFS, alone: 'en 500 kronei sæddel' CER 0.1304 (wav2vec2, whisper: 'En 500 kroner seddel') → FEJL asr
18:00:05   ✓ master noun.coin.50000.indef.end t0 (IKKE bestået: asr)
18:00:06 forcing EOS token, long_tail=tensor(True), alignment_repetition=tensor(False), token_repetition=False
18:00:06 ✅ EOS token detected! Stopping generation at step 18
18:00:11 kald single k=1 t4 'tiere,': 6.0 s for 0.68 s lyd
18:00:11   noun.place.t.pl.mid t4: 0.18 s (forhold 0.20) -18.0 LUFS, none: 'None' CER None (None) → FEJL varighed
18:00:15 ✅ EOS token detected! Stopping generation at step 56
18:00:21 kald sentence k=1 t4 'To plus hvad giver fire?': 9.9 s for 2.20 s lyd
18:00:24   q.mp:2+?=4 t4: 1.47 s (forhold 0.67) -18.02 LUFS, alone: 'toplus vargeavr 4' CER 0.2632 (wav2vec2, whisper: '2 plus vagir 4') → FEJL asr
18:00:24   ✓ master q.mp:2+?=4 t0 (IKKE bestået: asr)
18:00:29 ✅ EOS token detected! Stopping generation at step 75
18:00:36 kald sentence k=1 t4 'Jeg kan sætte figurer sammen af andre figurer.': 12.5 s for 2.96 s lyd
18:00:40   s.cando.composeShapes t4: 2.36 s (forhold 0.50) -18.1 LUFS, alone: 'jeg kan see figurer sammen med andre figurer' CER 0.1579 (wav2vec2, whisper: 'Jeg kan se et figur sammen med andre figurer') → FEJL asr
18:00:40   ✓ master s.cando.composeShapes t0 (IKKE bestået: asr)
18:00:45 ✅ EOS token detected! Stopping generation at step 67
18:00:51 kald sentence k=1 t4 'Skriv brøken for den farvede del.': 11.1 s for 2.64 s lyd
18:00:52   s.fractionShape.write t4: 2.02 s (forhold 0.72) -18.06 LUFS, alone: 'skriv brølen for den farvede del' CER 0.037 (wav2vec2) → ok
18:00:52   ✓ master s.fractionShape.write t4 (bestået)
18:00:57 ✅ EOS token detected! Stopping generation at step 60
18:01:03 kald single k=1 t4 'Tæl baglæns i tiere fra,': 10.7 s for 2.36 s lyd
18:01:06   s.order.countBackTens t4: 1.70 s (forhold 0.68) -18.09 LUFS, alone: 'til baglins i tigete fra' CER 0.2105 (wav2vec2, whisper: 'Til baglæns i ti år fra') → FEJL asr
18:01:07   ✓ master s.order.countBackTens t0 (IKKE bestået: asr)
18:01:11 ✅ EOS token detected! Stopping generation at step 58
18:01:17 kald single k=1 t4 'Tæl videre i tiere fra,': 10.4 s for 2.28 s lyd
18:01:20   s.order.countOnTens t4: 1.53 s (forhold 0.54) -18.0 LUFS, alone: 'til videre i tigere fra' CER 0.1111 (wav2vec2, whisper: 'Til videre i ti år fra') → FEJL asr
18:01:20   ✓ master s.order.countOnTens t0 (IKKE bestået: asr)
18:01:24 ✅ EOS token detected! Stopping generation at step 47
18:01:30 kald single k=1 t4 'Byg kun tierne i,': 9.3 s for 1.84 s lyd
18:01:33   s.place.buildOnlyTens t4: 1.10 s (forhold 0.59) -18.02 LUFS, alone: 'bykvantererne e' CER 0.4615 (wav2vec2, whisper: 'Byg kun tiende i') → FEJL asr
18:01:33   ✓ master s.place.buildOnlyTens t3 (IKKE bestået: asr)
18:01:37 ✅ EOS token detected! Stopping generation at step 56
18:01:43 kald single k=1 t4 'Hvad er tierne værd i,': 9.8 s for 2.20 s lyd
18:01:46   s.pv.worthTens t4: 1.40 s (forhold 0.64) -18.1 LUFS, alone: 'hvad er tigerne vær i' CER 0.1176 (wav2vec2, whisper: 'Hvad er tiderne værd i?') → FEJL asr
18:01:46   ✓ master s.pv.worthTens t4 (IKKE bestået: asr)
18:01:49   sammensat frag.betal + n.end.5: 'betage 5' CER 0.250 (wav2vec2, whisper: 'Betag 5') → FEJL
18:01:51   sammensat frag.betal + n.end.4: 'betag 4' CER 0.111 (wav2vec2, whisper: 'Betag 4') → FEJL
18:01:53   sammensat frag.betal + n.end.5: 'betalt 5' CER 0.125 (wav2vec2, whisper: 'Hospital 5') → FEJL
18:01:56   sammensat frag.betal + n.end.4: 'Betal 4' CER 0.000 (whisper, wav2vec2: 'betalt 4') → ok
18:01:56   sammensat frag.den_er + n.end.5: 'den er 5' CER 0.000 (wav2vec2) → ok
18:01:56   sammensat frag.den_er + n.end.4: 'den er 4' CER 0.000 (wav2vec2) → ok
18:01:57   sammensat frag.den_er + n.end.5: 'den er 5' CER 0.000 (wav2vec2) → ok
18:01:57   sammensat frag.den_er + n.end.4: 'den er 4' CER 0.000 (wav2vec2) → ok
18:02:00   sammensat frag.det_dobbelte_af + n.end.5: 'hvad er det dobl te af 5' CER 0.091 (wav2vec2, whisper: 'Værdidobbelte af 5') → FEJL
18:02:03   sammensat frag.det_dobbelte_af + n.end.4: 'Hvad er det dobbelte af 4?' CER 0.000 (whisper, wav2vec2: 'hvad er det dob de af 4') → ok
18:02:06   sammensat frag.det_dobbelte_af + n.end.5: 'Hvad er det dobbelte af 5?' CER 0.000 (whisper, wav2vec2: 'hvad er de dobbelte a5') → ok
18:02:09   sammensat frag.det_dobbelte_af + n.end.4: 'Hvad er det dobbelte af 4?' CER 0.000 (whisper, wav2vec2: 'hvad er de dobbelte a4') → ok
18:02:10   sammensat frag.du_betaler_med + n.end.5: 'du betaler med 5' CER 0.000 (wav2vec2) → ok
18:02:10   sammensat frag.du_betaler_med + n.end.4: 'du betaler med 4' CER 0.000 (wav2vec2) → ok
18:02:10   sammensat frag.du_betaler_med + n.end.5: 'du betaler med 5' CER 0.000 (wav2vec2) → ok
18:02:10   sammensat frag.du_betaler_med + n.end.4: 'du betaler med 4' CER 0.000 (wav2vec2) → ok
18:02:10   sammensat frag.halvdelen_af + n.end.5: 'hvade er halvdelen af 5' CER 0.050 (wav2vec2) → ok
18:02:11   sammensat frag.halvdelen_af + n.end.4: 'hvade er halvdelen af 4' CER 0.048 (wav2vec2) → ok
18:02:11   sammensat frag.halvdelen_af + n.end.5: 'hvad er halvdelen af 5' CER 0.000 (wav2vec2) → ok
18:02:11   sammensat frag.halvdelen_af + n.end.4: 'hvad er halvdelen af 4' CER 0.000 (wav2vec2) → ok
18:02:12   sammensat frag.hvad_er_klokken + n.end.5: 'hvad er klokken 5' CER 0.000 (wav2vec2) → ok
18:02:12   sammensat frag.hvad_er_klokken + n.end.4: 'hvad er klokken 4' CER 0.000 (wav2vec2) → ok
18:02:15   sammensat frag.hvad_er_klokken + n.end.5: 'hvad r klokken 5' CER 0.062 (wav2vec2, whisper: 'Hvad klokken 5?') → FEJL
18:02:17   sammensat frag.hvad_er_klokken + n.end.4: 'hvar klokken 4' CER 0.118 (wav2vec2, whisper: 'Hvad klokken 4?') → FEJL
18:02:17   sammensat frag.hvor_mange_penge + n.end.5: 'hvor mange penge 5' CER 0.000 (wav2vec2) → ok
18:02:18   sammensat frag.hvor_mange_penge + n.end.4: 'hvor mange penge 4' CER 0.000 (wav2vec2) → ok
18:02:18   sammensat frag.hvor_mange_penge + n.end.5: 'hvor mange penge 5' CER 0.000 (wav2vec2) → ok
18:02:18   sammensat frag.hvor_mange_penge + n.end.4: 'hvor mange penge 4' CER 0.000 (wav2vec2) → ok
18:02:18   sammensat n.mid.7 + frag.inverseOps.so + n.end.5: '7 så 5' CER 0.000 (wav2vec2) → ok
18:02:19   sammensat n.mid.7 + frag.inverseOps.so + n.end.5: '7 så 5' CER 0.000 (wav2vec2) → ok
18:02:19   sammensat frag.klokken_er + n.end.5: 'klokken er 5' CER 0.000 (wav2vec2) → ok
18:02:19   sammensat frag.klokken_er + n.end.4: 'klokken er 4' CER 0.000 (wav2vec2) → ok
18:02:19   sammensat frag.klokken_er + n.end.5: 'klokken er 5' CER 0.000 (wav2vec2) → ok
18:02:19   sammensat frag.klokken_er + n.end.4: 'klokken er 4' CER 0.000 (wav2vec2) → ok
18:02:19   sammensat n.mid.7 + frag.koster + n.end.5: '7 koster 5' CER 0.000 (wav2vec2) → ok
18:02:20   sammensat n.mid.7 + frag.koster + n.end.5: '7 koster 5' CER 0.000 (wav2vec2) → ok
18:02:20   sammensat n.mid.7 + frag.muldiv.delt_med + n.end.5: 'syv delt med 5' CER 0.000 (wav2vec2) → ok
18:02:22   sammensat n.mid.7 + frag.muldiv.delt_med + n.end.5: 'sy delt med 5' CER 0.077 (wav2vec2, whisper: '7 D med 5') → FEJL
18:02:22   sammensat frag.hvad_er + n.mid.7 + op.plus + h.end.200: 'hvader 7 plus 200' CER 0.000 (wav2vec2) → ok
18:02:23   sammensat frag.find_tallet + h.end.200: 'finn tallet 200' CER 0.050 (wav2vec2) → ok
18:02:23   sammensat frag.hvad_er + n.mid.7 + op.plus + h.end.400: 'hvad er 7 plus 400' CER 0.000 (wav2vec2) → ok
18:02:23   sammensat frag.find_tallet + h.end.400: 'finn tallet 400' CER 0.045 (wav2vec2) → ok
18:02:24   sammensat frag.hvad_er + n.mid.7 + op.plus + h.end.500: 'hvad er 7 plus 500' CER 0.000 (wav2vec2) → ok
18:02:24   sammensat frag.find_tallet + h.end.500: 'finn tallet 500' CER 0.048 (wav2vec2) → ok
18:02:24   sammensat frag.hvad_er + n.mid.7 + op.plus + h.end.600: 'hvad er 7 pls 600' CER 0.040 (wav2vec2) → ok
18:02:24   sammensat frag.find_tallet + h.end.600: 'finn tallet 600' CER 0.045 (wav2vec2) → ok
18:02:27   sammensat frag.hvad_er + n.mid.7 + op.plus + h.end.700: 'Hvad er 7 plus 700?' CER 0.000 (whisper, wav2vec2: 'hvad er lus 700') → ok
18:02:27   sammensat frag.find_tallet + h.end.700: 'finn tallet 700' CER 0.048 (wav2vec2) → ok
18:02:27   sammensat frag.hvad_er + n.mid.7 + op.plus + h.end.800: 'hvad er 7 plus 800' CER 0.000 (wav2vec2) → ok
18:02:28   sammensat frag.find_tallet + h.end.800: 'finn tallet 800' CER 0.045 (wav2vec2) → ok
18:02:28   sammensat frag.hvad_er + n.mid.7 + op.plus + h.end.900: 'hvader 7 plus 900' CER 0.000 (wav2vec2) → ok
18:02:28   sammensat frag.find_tallet + h.end.900: 'finn tallet 900' CER 0.050 (wav2vec2) → ok
18:02:28   sammensat frag.hvad_er + h.mid.200 + op.plus + n.end.5: 'hvad er 200 plus 5' CER 0.000 (wav2vec2) → ok
18:02:29   sammensat frag.hvad_er + h.mid.300 + op.plus + n.end.5: 'hvad er 300 plus 5' CER 0.000 (wav2vec2) → ok
18:02:29   sammensat frag.hvad_er + h.mid.400 + op.plus + n.end.5: 'hvad er 400 plus 5' CER 0.000 (wav2vec2) → ok
18:02:29   sammensat frag.hvad_er + h.mid.500 + op.plus + n.end.5: 'hvad eir 500 plus 5' CER 0.042 (wav2vec2) → ok
18:02:30   sammensat frag.hvad_er + h.mid.700 + op.plus + n.end.5: 'hvad er 700 plus 5' CER 0.000 (wav2vec2) → ok
18:02:30   sammensat frag.hvad_er + h.mid.800 + op.plus + n.end.5: 'hvad er 800 plus 5' CER 0.000 (wav2vec2) → ok
18:02:30   sammensat frag.hvad_er + h.mid.900 + op.plus + n.end.5: 'hvad er 900 plus5' CER 0.000 (wav2vec2) → ok
18:02:31   sammensat frag.det_er + hint.addsub2.backTo: 'det er tilbage til' CER 0.000 (wav2vec2) → ok
18:02:31   sammensat frag.det_er + hint.addsub2.forwardTo: 'det er frem til' CER 0.000 (wav2vec2) → ok
18:02:31   sammensat frag.det_er + hint.addsub2.together: 'det er hoppene giver til sammen' CER 0.000 (wav2vec2) → ok
18:02:32   sammensat frag.det_er + hint.change.from: 'det er fra' CER 0.000 (wav2vec2) → ok
18:02:34   sammensat frag.det_er + hint.change.is: 'der r' CER 0.429 (wav2vec2, whisper: 'Det er R') → FEJL
18:02:34   sammensat frag.det_er + hint.change.to: 'det er til' CER 0.000 (wav2vec2) → ok
18:02:36   sammensat frag.det_er + hint.clock.at: 'Det er ved' CER 0.000 (whisper, wav2vec2: 'det er hved') → ok
18:02:39   sammensat frag.det_er + hint.coinNames.itSays: 'Det er der står' CER 0.000 (whisper, wav2vec2: 'det r der står') → ok
18:02:39   sammensat frag.det_er + hint.coinNames.on: 'det er på' CER 0.000 (wav2vec2) → ok
18:02:41   sammensat frag.det_er + hint.composeShapes.madeOf: 'Det er er lavet af' CER 0.000 (whisper, wav2vec2: 'detr er lavet af') → ok
18:02:41   sammensat frag.det_er + hint.composeShapes.takes: 'det er der skal' CER 0.000 (wav2vec2) → ok
18:02:42   sammensat frag.det_er + hint.composeShapes.toIt: 'det er til' CER 0.000 (wav2vec2) → ok
18:02:42   sammensat frag.det_er + hint.fractionShape.ofThem: 'det er af dem' CER 0.000 (wav2vec2) → ok
18:02:42   sammensat frag.det_er + hint.halves.soHalfOf: 'det er så halvdelen af' CER 0.000 (wav2vec2) → ok
18:02:45   sammensat frag.det_er + hint.inverseOps.soGives: 'Det er så giver' CER 0.000 (whisper, wav2vec2: 'det er så gert') → ok
18:02:47   sammensat frag.det_er + hint.measureUnits.clipsLong: 'Det er clips lang' CER 0.000 (whisper, wav2vec2: 'det er klips lang') → ok
18:02:47   sammensat frag.det_er + hint.measureUnits.cubesLong: 'det er klodser lang' CER 0.000 (wav2vec2) → ok
18:02:48   sammensat frag.det_er + hint.measureUnits.thingIs: 'det er tingen er' CER 0.000 (wav2vec2) → ok
18:02:50   sammensat frag.det_er + hint.missingPart10.countTo: 'det er til log til' CER 0.231 (wav2vec2, whisper: 'Det er telotti') → FEJL
18:02:53   sammensat frag.det_er + hint.nl.andGo: 'det er ot gå' CER 0.111 (wav2vec2, whisper: 'Det er at gå') → FEJL
18:02:55   sammensat frag.det_er + hint.nl.forward: 'dter fi' CER 0.444 (wav2vec2, whisper: 'Det er fra et') → FEJL
18:02:57   sammensat frag.det_er + hint.nl.liesBetween: 'dr ligger mellem' CER 0.176 (wav2vec2, whisper: 'DR ligger mellem') → FEJL
18:02:57   master frag.det_er får skylden i frag.det_er + hint.nl.liesBetween; hint.nl.liesBetween prøver en anden partner
18:03:01   sammensat frag.det_er + hint.nl.liesMidway: 'Det er ligger midt mellem' CER 0.000 (whisper, wav2vec2: 'dr ligger midt mellem') → ok
18:03:01   sammensat frag.det_er + hint.nl.startAt: 'det er start ved' CER 0.000 (wav2vec2) → ok
18:03:01   sammensat frag.det_er + hint.order.after: 'det er efter' CER 0.000 (wav2vec2) → ok
18:03:01   sammensat frag.det_er + hint.order.before: 'det er før' CER 0.000 (wav2vec2) → ok
18:03:04   sammensat frag.det_er + hint.order.comes: 'det er commer' CER 0.091 (wav2vec2, whisper: 'DR kommer') → FEJL
18:03:06   sammensat frag.det_er + hint.order.tenLessThan: 'Det er 10 mindre end' CER 0.000 (whisper, wav2vec2: 'det er 10 me een') → ok
18:03:09   sammensat frag.det_er + hint.order.tenMoreThan: 'det er timijeren' CER 0.286 (wav2vec2, whisper: 'Det er Tim i øjen') → FEJL
18:03:09   sammensat frag.det_er + hint.place.butThereAre: 'det er men der er' CER 0.000 (wav2vec2) → ok
18:03:11   sammensat frag.det_er + hint.place.has: 'der har' CER 0.250 (wav2vec2, whisper: 'Det er ha') → FEJL
18:03:14   sammensat frag.det_er + hint.place.rodIs: 'det er stangar' CER 0.083 (wav2vec2, whisper: 'Det er Stangær') → FEJL
18:03:14   sammensat frag.det_er + hint.place.rodsAre: 'det er stænger er' CER 0.000 (wav2vec2) → ok
18:03:17   sammensat frag.det_er + hint.place.soItIs: 'Det er. Så er det' CER 0.000 (whisper, wav2vec2: 'dr så er det') → ok
18:03:19   sammensat frag.det_er + hint.place.worthEnd: 'det er lærer' CER 0.333 (wav2vec2, whisper: 'Det er lær') → FEJL
18:03:19   sammensat frag.det_er + hint.readChart.stars: 'det er stjerner' CER 0.000 (wav2vec2) → ok
18:03:19   sammensat frag.det_er + hint.rulerRead.countFrom: 'det er tæl centimeterne fra' CER 0.000 (wav2vec2) → ok
18:03:22   sammensat frag.det_er + hint.rulerRead.endsAt: 'Det er den slutter ved' CER 0.000 (whisper, wav2vec2: 'dr den slutter ved') → ok
18:03:22   sammensat frag.det_er + hint.rulerRead.long: 'det er lang' CER 0.000 (wav2vec2) → ok
18:03:24   sammensat frag.det_er + hint.rulerRead.soItIs: 'det er så den' CER 0.167 (wav2vec2, whisper: 'Det er så den') → FEJL
18:03:24   sammensat frag.det_er + hint.rulerRead.startsAt: 'det er tingen starter ved' CER 0.000 (wav2vec2) → ok
18:03:25   sammensat frag.det_er + hint.sidesCorners.corners: 'det er hjørner' CER 0.000 (wav2vec2) → ok
18:03:27   sammensat frag.det_er + hint.sidesCorners.has: 'Det er figuren har' CER 0.000 (whisper, wav2vec2: 'd er figuren har') → ok
18:03:27   sammensat frag.det_er + hint.sidesCorners.sides: 'det er sider' CER 0.000 (wav2vec2) → ok
18:03:27   sammensat frag.det_er + hint.skipCount.everyHop: 'det er springet er' CER 0.000 (wav2vec2) → ok
18:03:28   sammensat frag.det_er + hint.skipCount.everyHopBack: 'det er springet tilbage r' CER 0.045 (wav2vec2) → ok
18:03:28   sammensat frag.det_er + hint.unitChoice.measuredIn: 'det er måler man i' CER 0.000 (wav2vec2) → ok
18:03:28   sammensat hog.200 + n.end.47: 'i 247' CER 0.045 (wav2vec2) → ok
18:03:28   sammensat frag.hvad_er + n.mid.7 + op.plus + hog.200 + n.end.25: 'hvad er 7 plus 225' CER 0.000 (wav2vec2) → ok
18:03:31   sammensat hog.400 + n.end.47: '462 47errere' CER 0.583 (wav2vec2, whisper: '462 47') → FEJL
18:03:34   sammensat frag.hvad_er + n.mid.7 + op.plus + hog.400 + n.end.25: 'hvad er y plus 462 65' CER 0.361 (wav2vec2, whisper: 'Hvad er 7 plus 462 25') → FEJL
18:03:34   sammensat hog.500 + n.end.47: '547' CER 0.000 (wav2vec2) → ok
18:03:37   sammensat frag.hvad_er + n.mid.7 + op.plus + hog.500 + n.end.25: 'Hvad er 7 plus 525' CER 0.000 (whisper, wav2vec2: 'hvad er 7 plus 5025') → ok
18:03:39   sammensat hog.700 + n.end.47: '756 47' CER 0.652 (wav2vec2, whisper: '756 47') → FEJL
18:03:42   sammensat frag.hvad_er + n.mid.7 + op.plus + hog.700 + n.end.25: 'hvad er  plus 756 5' CER 0.457 (wav2vec2, whisper: 'Hvad er 7 plus 756 25') → FEJL
18:03:45   sammensat hog.800 + n.end.47: '873 47 re' CER 0.708 (wav2vec2, whisper: '873 47') → FEJL
18:03:48   sammensat frag.hvad_er + n.mid.7 + op.plus + hog.800 + n.end.25: 'hvad er 7 plus 873 5' CER 0.389 (wav2vec2, whisper: 'Hvad er 7 plus 873 25') → FEJL
18:03:48   master n.end.25 får skylden i frag.hvad_er + n.mid.7 + op.plus + hog.800 + n.end.25; hog.800 prøver en anden partner
18:03:50   sammensat hog.900 + n.end.47: '947' CER 0.000 (whisper, wav2vec2: 'e9047') → ok
18:03:52   sammensat frag.hvad_er + n.mid.7 + op.plus + hog.900 + n.end.25: 'Hvad er 7 plus 925' CER 0.000 (whisper, wav2vec2: 'hvad er 7 plus 90025') → ok
18:03:55   sammensat frag.hvad_er + n.mid.7 + op.plus + n.end.1000: 'Hvad er 7 plus 1000?' CER 0.000 (whisper, wav2vec2: 'hvad eir 7 plus000') → ok
18:03:57   sammensat frag.find_tallet + n.end.1000: 'Find tallet 1000' CER 0.000 (whisper, wav2vec2: 'finn tallet 1000') → ok
18:04:01   sammensat frag.hvad_er + n.mid.1000 + op.plus + n.end.5: 'Hvad er 1000 plus 5?' CER 0.000 (whisper, wav2vec2: 'hvad er t000 plus 5') → ok
18:04:03   sammensat frag.det_er + name.baby.fox: 'det er revehvalp' CER 0.071 (wav2vec2, whisper: 'Det er Revevalp') → FEJL
18:04:06   sammensat frag.det_er + name.baby.hamster: 'Det er hamsterunge' CER 0.000 (whisper, wav2vec2: 'det er hamsteg unge') → ok
18:04:08   sammensat frag.det_er + name.baby.horse: 'det er sø' CER 0.250 (wav2vec2, whisper: 'Det er fød') → FEJL
18:04:09   sammensat frag.det_er + name.baby.lamb: 'det er lam' CER 0.000 (wav2vec2) → ok
18:04:11   sammensat frag.det_er + name.baby.owl: 'det er uleunge' CER 0.077 (wav2vec2, whisper: 'Det er uleunge') → FEJL
18:04:11   sammensat frag.det_er + name.baby.panda: 'det er panda unge' CER 0.000 (wav2vec2) → ok
18:04:14   sammensat frag.det_er + name.baby.squirrel: 'det er igeg nunge' CER 0.143 (wav2vec2, whisper: 'Det er i og nogle') → FEJL
18:04:14   sammensat frag.det_er + name.breed.arabian: 'det er araber' CER 0.000 (wav2vec2) → ok
18:04:14   sammensat frag.det_er + name.breed.fjord: 'det er fjordhest' CER 0.000 (wav2vec2) → ok
18:04:17   sammensat frag.det_er + name.breed.foal: 'det er indhjørning er fyl' CER 0.210 (wav2vec2, whisper: 'Det er indhjørning af fødder') → FEJL
18:04:20   sammensat frag.det_er + name.breed.shetland: 'Det er Shetlands pony' CER 0.000 (whisper, wav2vec2: 'det er shedlands poney') → ok
18:04:23   sammensat frag.det_er + name.breed.starhorn: 'Det er stjernehorn' CER 0.000 (whisper, wav2vec2: 'det er stjernehårn') → ok
18:04:26   sammensat frag.det_er + name.breed.wavy: 'Det er Bølge Manke' CER 0.000 (whisper, wav2vec2: 'det er bylge mange') → ok
18:04:28   sammensat frag.det_er + name.color.fox.c2: 'det er polap' CER 0.100 (wav2vec2, whisper: 'Det er på langt') → FEJL
18:04:30   sammensat frag.det_er + name.color.fox.c3: 'deter sø' CER 0.222 (wav2vec2, whisper: 'Det er sø') → FEJL
18:04:33   sammensat frag.det_er + name.color.fox.c5: 'det er gulerød' CER 0.083 (wav2vec2, whisper: 'Det er Gåle Høj') → FEJL
18:04:35   sammensat frag.det_er + name.color.hamster.c1: 'det er apricos' CER 0.167 (wav2vec2, whisper: 'Det er aprikos') → FEJL
18:04:38   sammensat frag.det_er + name.color.horse.c1: 'det er fuxs' CER 0.111 (wav2vec2, whisper: 'Det er Fuchs') → FEJL
18:04:40   sammensat frag.det_er + name.color.horse.c2: 'Det er skimmel' CER 0.000 (whisper, wav2vec2: 'det er skæmmet') → ok
18:04:42   sammensat frag.det_er + name.color.horse.c4: 'der isabel' CER 0.182 (wav2vec2, whisper: 'Det er Isabelle') → FEJL
18:04:42   master frag.det_er får skylden i frag.det_er + name.color.horse.c4; name.color.horse.c4 prøver en anden partner
18:04:45   sammensat frag.det_er + name.color.horse.c5: 'det er broet' CER 0.091 (wav2vec2, whisper: 'Det er bruddet') → FEJL
18:04:45   sammensat frag.det_er + name.color.horse.c6: 'det er palomino' CER 0.000 (wav2vec2) → ok
18:04:45   sammensat frag.det_er + name.color.lamb.c6: 'det er lyserød uld' CER 0.000 (wav2vec2) → ok
18:04:45   sammensat frag.det_er + name.color.owl.c2: 'det er sne' CER 0.000 (wav2vec2) → ok
18:04:46   sammensat frag.det_er + name.color.owl.c4: 'det er perle hvid' CER 0.000 (wav2vec2) → ok
18:04:46   sammensat frag.det_er + name.color.owl.c5: 'det er kanel' CER 0.000 (wav2vec2) → ok
18:04:46   sammensat frag.det_er + name.color.owl.c6: 'det er nat' CER 0.000 (wav2vec2) → ok
18:04:46   sammensat frag.det_er + name.color.panda.c1: 'det er klassisk' CER 0.000 (wav2vec2) → ok
18:04:46   sammensat frag.det_er + name.color.panda.c6: 'det er lilla' CER 0.000 (wav2vec2) → ok
18:04:46   sammensat frag.det_er + name.color.squirrel.c6: 'det er orange' CER 0.000 (wav2vec2) → ok
18:04:49   sammensat frag.det_er + name.color.unicorn.c4: 'det er mindt' CER 0.111 (wav2vec2, whisper: 'Det er ment') → FEJL
18:04:51   sammensat frag.det_er + name.color.unicorn.c5: 'det er hemøblå' CER 0.286 (wav2vec2, whisper: 'Det er Himmø Blå') → FEJL
18:04:54   sammensat frag.det_er + name.decor.pynt-baenk: 'Det er bænk' CER 0.000 (whisper, wav2vec2: 'det er bink') → ok
18:04:56   sammensat frag.det_er + name.decor.pynt-blomsterbed: 'det er blomsterped' CER 0.062 (wav2vec2, whisper: 'Det er blomsterped') → FEJL
18:04:58   sammensat frag.det_er + name.decor.pynt-dam: 'det er anne dam' CER 0.083 (wav2vec2, whisper: 'Det er Anne Dam') → FEJL
18:05:01   sammensat frag.det_er + name.decor.pynt-gynge: 'Det er gynge' CER 0.000 (whisper, wav2vec2: 'det er guné') → ok
18:05:01   sammensat frag.det_er + name.decor.pynt-lygte: 'det er lygte' CER 0.000 (wav2vec2) → ok
18:05:04   sammensat frag.det_er + name.decor.pynt-regnbuebue: 'Det er regnbuebue' CER 0.000 (whisper, wav2vec2: 'det er regnbåbåe') → ok
18:05:04   sammensat frag.det_er + name.decor.pynt-springvand: 'det er spring vand' CER 0.000 (wav2vec2) → ok
18:05:04   sammensat frag.det_er + name.decor.pynt-traehus: 'det er træhus' CER 0.000 (wav2vec2) → ok
18:05:04   sammensat frag.det_er + name.item.fest-back: 'det er balloner' CER 0.000 (wav2vec2) → ok
18:05:07   sammensat frag.det_er + name.item.fest-body: 'det er vest vest' CER 0.077 (wav2vec2, whisper: 'Det er vestvest') → FEJL
18:05:09   sammensat frag.det_er + name.item.fest-face: 'Det er festbriller' CER 0.000 (whisper, wav2vec2: 'det er festpriller') → ok
18:05:09   sammensat frag.det_er + name.item.fest-hand: 'det er kage' CER 0.000 (wav2vec2) → ok
18:05:12   sammensat frag.det_er + name.item.fest-head: 'det er hvist a' CER 0.417 (wav2vec2, whisper: 'Det er festtab') → FEJL
18:05:14   sammensat frag.det_er + name.item.fest-neck: 'det er bar de fly' CER 0.286 (wav2vec2, whisper: 'Det er bare der fly') → FEJL
18:05:15   sammensat frag.det_er + name.item.fodbold-back: 'det er hold flag' CER 0.000 (wav2vec2) → ok
18:05:17   sammensat frag.det_er + name.item.fodbold-body: 'Det er fodboldtrøje' CER 0.000 (whisper, wav2vec2: 'der fodboldtrøje') → ok
18:05:17   sammensat frag.det_er + name.item.fodbold-face: 'det er ansigtsmaling' CER 0.000 (wav2vec2) → ok
18:05:20   sammensat frag.det_er + name.item.fodbold-hand: 'Det er fodbold' CER 0.000 (whisper, wav2vec2: 'det er fodbojd') → ok
18:05:20   sammensat frag.det_er + name.item.fodbold-head: 'det er kasket' CER 0.000 (wav2vec2) → ok
18:05:23   sammensat frag.det_er + name.item.fodbold-neck: 'Det er Fanhals Tørklæde' CER 0.000 (whisper, wav2vec2: 'det er fanhals tørklehde') → ok
18:05:25   sammensat frag.det_er + name.item.kongelig-back: 'det er kongekolpet' CER 0.286 (wav2vec2, whisper: 'Det er kongekorbet') → FEJL
18:05:26   sammensat frag.det_er + name.item.kongelig-body: 'det er fest dragt' CER 0.000 (wav2vec2) → ok
18:05:28   sammensat frag.det_er + name.item.kongelig-face: 'det er monoke' CER 0.083 (wav2vec2, whisper: 'Det er monoke') → FEJL
18:05:30   sammensat frag.det_er + name.item.kongelig-hand: 'Det er scepter' CER 0.000 (whisper, wav2vec2: 'det er zeper') → ok
18:05:33   sammensat frag.det_er + name.item.kongelig-head: 'Det er diadem' CER 0.000 (whisper, wav2vec2: 'deter det er dem') → ok
18:05:33   sammensat frag.det_er + name.item.kongelig-neck: 'det er perlekæde' CER 0.000 (wav2vec2) → ok
18:05:36   sammensat frag.det_er + name.item.ridder-back: 'det er pridog kappe' CER 0.250 (wav2vec2, whisper: 'Det er højderkappe') → FEJL
18:05:36   sammensat frag.det_er + name.item.ridder-body: 'det er rustning' CER 0.000 (wav2vec2) → ok
18:05:36   sammensat frag.det_er + name.item.ridder-face: 'det er heltemaske' CER 0.000 (wav2vec2) → ok
18:05:39   sammensat frag.det_er + name.item.ridder-hand: 'Det er skjold' CER 0.000 (whisper, wav2vec2: 'det er skjoldt') → ok
18:05:41   sammensat frag.det_er + name.item.ridder-head: 'Det er ridderhjelm' CER 0.000 (whisper, wav2vec2: 'det er bridderhjelm') → ok
18:05:42   sammensat frag.det_er + name.item.ridder-neck: 'det er ordenskæde' CER 0.000 (wav2vec2) → ok
18:05:44   sammensat frag.det_er + name.item.rytter-back: 'Det er sadeltaske' CER 0.000 (whisper, wav2vec2: 'det er så udtaske') → ok
18:05:46   sammensat frag.det_er + name.item.rytter-body: 'det er redejakke' CER 0.071 (wav2vec2, whisper: 'Det er redejakke') → FEJL
18:05:49   sammensat frag.det_er + name.item.rytter-face: 'det er støvpriller' CER 0.062 (wav2vec2, whisper: 'Det er støvpriller') → FEJL
18:05:51   sammensat frag.det_er + name.item.rytter-hand: 'det er golerod' CER 0.083 (wav2vec2, whisper: 'Det er Guderåd') → FEJL
18:05:54   sammensat frag.det_er + name.item.rytter-head: 'det er redehjelm' CER 0.071 (wav2vec2, whisper: 'Det er redehjelm') → FEJL
18:05:56   sammensat frag.det_er + name.item.rytter-neck: 'Det er rosette' CER 0.000 (whisper, wav2vec2: 'det er råsætte') → ok
18:05:56   sammensat frag.det_er + name.item.talmagiker-back: 'det er stjernekappe' CER 0.000 (wav2vec2) → ok
18:05:59   sammensat frag.det_er + name.item.talmagiker-body: 'det er trillekjorte' CER 0.111 (wav2vec2, whisper: 'Det er tryllekjortet') → FEJL
18:05:59   sammensat frag.det_er + name.item.talmagiker-face: 'det er stjernebriller' CER 0.000 (wav2vec2) → ok
18:06:01   sammensat frag.det_er + name.item.talmagiker-hand: 'Det er tryllestav' CER 0.000 (whisper, wav2vec2: 'det er trillestav') → ok
18:06:02   sammensat frag.det_er + name.item.talmagiker-head: 'det er troldmandshat' CER 0.000 (wav2vec2) → ok
18:06:04   sammensat frag.det_er + name.item.talmagiker-neck: 'det er talamolit' CER 0.143 (wav2vec2, whisper: 'Det er talemolet') → FEJL
18:06:04   sammensat frag.det_er + name.item.vinter-back: 'det er kælk' CER 0.000 (wav2vec2) → ok
18:06:04   sammensat frag.det_er + name.item.vinter-body: 'det er vinterjakke' CER 0.000 (wav2vec2) → ok
18:06:07   sammensat frag.det_er + name.item.vinter-face: 'dt er kibriller' CER 0.133 (wav2vec2, whisper: 'Det er skiballer') → FEJL
18:06:07   master frag.det_er får skylden i frag.det_er + name.item.vinter-face; name.item.vinter-face prøver en anden partner
18:06:07   sammensat frag.det_er + name.item.vinter-hand: 'det er varm kakao' CER 0.000 (wav2vec2) → ok
18:06:09   sammensat frag.det_er + name.item.vinter-head: 'det er pelshow' CER 0.167 (wav2vec2, whisper: 'Det er Pelsshow') → FEJL
18:06:12   sammensat frag.det_er + name.item.vinter-neck: 'Det er strikhalvstørklæde' CER 0.045 (whisper, wav2vec2: 'det er strikal større klæde') → ok
18:06:15   sammensat frag.det_er + name.region.w1-dobbelt: 'det er dobbltdagen' CER 0.118 (wav2vec2, whisper: 'Det er dobbeltdagen') → FEJL
18:06:15   sammensat frag.det_er + name.region.w1-figurer: 'det er formværkstedet' CER 0.000 (wav2vec2) → ok
18:06:17   sammensat frag.det_er + name.region.w1-klokken: 'Det er urtårnet' CER 0.000 (whisper, wav2vec2: 'det er uraftårnet') → ok
18:06:20   sammensat frag.det_er + name.region.w1-maal-penge: 'Det er målebakken' CER 0.000 (whisper, wav2vec2: 'det er målebardet') → ok
18:06:22   sammensat frag.det_er + name.region.w1-tal100: 'det er på nede marken' CER 0.210 (wav2vec2, whisper: 'Det er 100 marken') → FEJL
18:06:22   sammensat frag.det_er + name.region.w1-tiere: 'det er tierhoppet' CER 0.000 (wav2vec2) → ok
18:06:24   sammensat frag.det_er + name.region.w1-tieren: 'det er 20proen' CER 0.071 (wav2vec2, whisper: 'Det er 20 broen') → FEJL
18:06:25   sammensat frag.det_er + name.region.w2-figurer: 'det er figurhaven' CER 0.000 (wav2vec2) → ok
18:06:27   sammensat frag.det_er + name.region.w2-gange: 'det er gangekrojten' CER 0.118 (wav2vec2, whisper: 'Det er gangekrotten') → FEJL
18:06:29   sammensat frag.det_er + name.region.w2-hundreder: 'det er 100 broen' CER 0.000 (wav2vec2, whisper: 'Det er 100 broen') → FEJL
18:06:32   sammensat frag.det_er + name.region.w2-klokken: 'Det er urtårnets top' CER 0.000 (whisper, wav2vec2: 'det er ortårnets top') → ok
18:06:35   sammensat frag.det_er + name.region.w2-maal-data: 'det er lineastien' CER 0.062 (wav2vec2, whisper: 'Det er lineæs stien') → FEJL
18:06:35   sammensat frag.det_er + name.region.w2-penge: 'det er købmandsgården' CER 0.000 (wav2vec2) → ok
18:06:36   sammensat frag.det_er + name.region.w2-tal1000: 'det er stortalsbjerget' CER 0.000 (wav2vec2) → ok
18:06:38   sammensat frag.det_er + name.region.w2-veksling: 'Det er vekselvandet' CER 0.000 (whisper, wav2vec2: 'det er veksel i vandet') → ok
18:06:41   sammensat frag.det_er + name.set.fest: 'Det er fest' CER 0.000 (whisper, wav2vec2: 'det er vist') → ok
18:06:43   sammensat frag.det_er + name.set.kongelig: 'Det er kongelig' CER 0.000 (whisper, wav2vec2: 'det er kilo l') → ok
18:06:45   sammensat frag.det_er + name.set.ridder: 'Det er ridder' CER 0.000 (whisper, wav2vec2: 'det er er') → ok
18:06:46   sammensat frag.det_er + name.set.rytter: 'det er rytter' CER 0.000 (wav2vec2) → ok
18:06:48   sammensat frag.det_er + name.species.fox: 'det er rev' CER 0.125 (wav2vec2, whisper: 'Det er rev') → FEJL
18:06:48   sammensat frag.det_er + name.species.hamster: 'det er ham ster' CER 0.000 (wav2vec2) → ok
18:06:48   sammensat frag.det_er + name.species.horse: 'det er hest' CER 0.000 (wav2vec2) → ok
18:06:48   sammensat frag.det_er + name.species.lamb: 'det er lam' CER 0.000 (wav2vec2) → ok
18:06:51   sammensat frag.det_er + name.species.owl: 'det er ole' CER 0.222 (wav2vec2, whisper: 'Det er Ole') → FEJL
18:06:51   sammensat frag.det_er + name.species.panda: 'det er panda' CER 0.000 (wav2vec2) → ok
18:06:51   sammensat frag.det_er + name.species.squirrel: 'det er egern' CER 0.000 (wav2vec2) → ok
18:06:54   sammensat frag.det_er + name.species.unicorn: 'det er en hjørning' CER 0.000 (wav2vec2, whisper: 'Det er i en hjørning') → FEJL
18:06:54   sammensat frag.det_er + name.trophy.animals-15: 'det er 15 dyrevenner' CER 0.000 (wav2vec2) → ok
18:06:54   sammensat frag.det_er + name.trophy.animals-30: 'det er 30 dyrevinner' CER 0.045 (wav2vec2) → ok
18:06:57   sammensat frag.det_er + name.trophy.animals-5: 'Det er 5 dyrevenner' CER 0.000 (whisper, wav2vec2: 'det er f5 dyrevenner') → ok
18:06:57   sammensat frag.det_er + name.trophy.first-gold: 'det er første guld i medalje' CER 0.045 (wav2vec2) → ok
18:07:00   sammensat frag.det_er + name.trophy.first-rainbow: 'Det er første regnbue dyr' CER 0.000 (whisper, wav2vec2: 'det er første hegnboedyr') → ok
18:07:00   sammensat frag.det_er + name.trophy.gold-10: 'det er 10 guldmedaljer' CER 0.000 (wav2vec2) → ok
18:07:01   sammensat frag.det_er + name.trophy.perfect-round: 'det er en perfekt tur' CER 0.000 (wav2vec2) → ok
18:07:01   sammensat frag.det_er + name.trophy.set-astronaut: 'det er hele astronautsættet' CER 0.000 (wav2vec2) → ok
18:07:01   sammensat frag.det_er + name.trophy.set-fest: 'det er hele festsættet' CER 0.000 (wav2vec2) → ok
18:07:04   sammensat frag.det_er + name.trophy.set-fodbold: 'Det er hele fodboldsættet' CER 0.000 (whisper, wav2vec2: 'd er hele fodboldsetet') → ok
18:07:04   sammensat frag.det_er + name.trophy.set-hverdag: 'det er hele hverdag sættet' CER 0.000 (wav2vec2) → ok
18:07:05   sammensat frag.det_er + name.trophy.set-kongelig: 'det er hele kongeligsættet' CER 0.000 (wav2vec2) → ok
18:07:05   sammensat frag.det_er + name.trophy.set-opdager: 'det er hele opdager sættet' CER 0.000 (wav2vec2) → ok
18:07:05   sammensat frag.det_er + name.trophy.set-pirat: 'det er hele piratsættet' CER 0.000 (wav2vec2) → ok
18:07:05   sammensat frag.det_er + name.trophy.set-ridder: 'det er hele ridersættet' CER 0.048 (wav2vec2) → ok
18:07:05   sammensat frag.det_er + name.trophy.set-rytter: 'det er hele ryttersættet' CER 0.000 (wav2vec2) → ok
18:07:06   sammensat frag.det_er + name.trophy.set-talmagiker: 'det er hele talmægikersættet' CER 0.040 (wav2vec2) → ok
18:07:06   sammensat frag.det_er + name.trophy.set-vinter: 'det er hele vintersættet' CER 0.000 (wav2vec2) → ok
18:07:06   sammensat frag.det_er + name.trophy.table-complete: 'det er hele gange tabellen' CER 0.000 (wav2vec2) → ok
18:07:07   sammensat frag.det_er + name.trophy.trials-10: 'det er 10 mesterprøver' CER 0.000 (wav2vec2) → ok
18:07:10   sammensat frag.det_er + name.trophy.world-bakke: 'Det er hestebakkernes finale' CER 0.000 (whisper, wav2vec2: 'det er kæstebakkernes finale') → ok
18:07:10   sammensat frag.det_er + name.trophy.world-eng: 'det er engdalens finale' CER 0.000 (wav2vec2) → ok
18:07:10   sammensat frag.det_er + name.trophy.world-fjeld: 'det er stjernefjeltets finale' CER 0.038 (wav2vec2) → ok
18:07:13   sammensat frag.det_er + name.trophy.world-skov: 'Det er regnbueskovens finale' CER 0.000 (whisper, wav2vec2: 'det er regnboskårdens finale') → ok
18:07:15   sammensat frag.det_er + noun.coin.100.def.end: 'det er en kronn' CER 0.077 (wav2vec2, whisper: 'Det er en krone') → FEJL
18:07:18   sammensat frag.det_er + noun.coin.100.def.mid: 'det er en kronen' CER 0.000 (wav2vec2, whisper: 'Det er en kronen') → FEJL
18:07:21   sammensat frag.det_er + noun.coin.100.indef.mid: 'det er en en krone' CER 0.000 (wav2vec2, whisper: 'Det er en en krone') → FEJL
18:07:23   sammensat frag.det_er + noun.coin.100.pl.end: 'det er en kroner' CER 0.000 (wav2vec2, whisper: 'Det er en kroner') → FEJL
18:07:26   sammensat frag.det_er + noun.coin.100.pl.mid: 'det er en kroner' CER 0.000 (wav2vec2, whisper: 'Det er en kroner') → FEJL
18:07:28   sammensat frag.det_er + noun.coin.1000.def.end: 'det er tilkronen' CER 0.077 (wav2vec2, whisper: 'Det er til kronen') → FEJL
18:07:29   sammensat frag.det_er + noun.coin.1000.def.mid: 'det er tikronen' CER 0.000 (wav2vec2) → ok
18:07:31   sammensat frag.det_er + noun.coin.1000.indef.mid: 'det er en tikhorne' CER 0.143 (wav2vec2, whisper: 'Det er en tækhane') → FEJL
18:07:32   sammensat frag.det_er + noun.coin.1000.pl.end: 'det er tikroner' CER 0.000 (wav2vec2) → ok
18:07:32   sammensat frag.det_er + noun.coin.1000.pl.mid: 'det er tikroner' CER 0.000 (wav2vec2) → ok
18:07:35   sammensat frag.det_er + noun.coin.10000.def.end: 'det er 100 kronsidlen' CER 0.130 (wav2vec2, whisper: 'Det er 100 kroner tiden') → FEJL
18:07:38   sammensat frag.det_er + noun.coin.10000.def.mid: 'det er 100 kronisedlen' CER 0.087 (wav2vec2, whisper: 'Det er 100 kroner sædlen') → FEJL
18:07:41   sammensat frag.det_er + noun.coin.10000.indef.mid: 'det er en 100 kronsæddel' CER 0.120 (wav2vec2, whisper: 'Det er en 100 kroner seddel') → FEJL
18:07:44   sammensat frag.det_er + noun.coin.10000.pl.end: 'det er 100 kroncedler' CER 0.130 (wav2vec2, whisper: 'Det er 100 kroner sedler') → FEJL
18:07:46   sammensat frag.det_er + noun.coin.10000.pl.mid: 'det er 100 kron sedler' CER 0.087 (wav2vec2, whisper: 'Det er 100 kroner sedler') → FEJL
18:07:49   sammensat frag.det_er + noun.coin.200.def.end: 'det er til kronen' CER 0.154 (wav2vec2, whisper: 'Det er to kronen') → FEJL
18:07:49   sammensat frag.det_er + noun.coin.200.def.mid: 'det er tokronen' CER 0.000 (wav2vec2) → ok
18:07:49   sammensat frag.det_er + noun.coin.200.indef.mid: 'det er en tokrone' CER 0.000 (wav2vec2) → ok
18:07:51   sammensat frag.det_er + noun.coin.200.pl.end: 'det er 2 kroner' CER 0.000 (wav2vec2, whisper: 'Det er 2 kroner') → FEJL
18:07:54   sammensat frag.det_er + noun.coin.200.pl.mid: 'det er 2 kroner' CER 0.000 (wav2vec2, whisper: 'Det er 2 kroner') → FEJL
18:07:56   sammensat frag.det_er + noun.coin.2000.def.end: 'det er teokronen' CER 0.200 (wav2vec2, whisper: 'Det er tøvkronen') → FEJL
18:07:59   sammensat frag.det_er + noun.coin.2000.def.mid: 'det er 20 kronen' CER 0.000 (wav2vec2, whisper: 'Det er 20 kroner') → FEJL
18:08:02   sammensat frag.det_er + noun.coin.2000.indef.mid: 'Det er en tyvekrone' CER 0.000 (whisper, wav2vec2: 'det er en 20 krone') → ok
18:08:04   sammensat frag.det_er + noun.coin.2000.pl.end: 'det er 20 krer' CER 0.133 (wav2vec2, whisper: 'Det er 20 kroner') → FEJL
18:08:07   sammensat frag.det_er + noun.coin.2000.pl.mid: 'det er 20 kroer' CER 0.067 (wav2vec2, whisper: 'Det er 20 kroner') → FEJL
18:08:10   sammensat frag.det_er + noun.coin.20000.def.end: 'det er 200 kroneisedlen' CER 0.080 (wav2vec2, whisper: 'Det er 200 kroner i sædden') → FEJL
18:08:13   sammensat frag.det_er + noun.coin.20000.def.mid: 'det er 200 kron i saden' CER 0.160 (wav2vec2, whisper: 'Det er 200 kroner i salen') → FEJL
18:08:16   sammensat frag.det_er + noun.coin.20000.indef.mid: 'det er en 200 kroncellel' CER 0.185 (wav2vec2, whisper: 'Det er en 200 kroner seddel') → FEJL
18:08:19   sammensat frag.det_er + noun.coin.20000.pl.end: 'det er 200 kronsedler' CER 0.080 (wav2vec2, whisper: 'Det er 200 kroner sedler') → FEJL
18:08:22   sammensat frag.det_er + noun.coin.20000.pl.mid: 'det er 200 kron sedler' CER 0.080 (wav2vec2, whisper: 'Det er 200 kroner sedler') → FEJL
18:08:24   sammensat frag.det_er + noun.coin.50.def.end: 'det er 50øern' CER 0.111 (wav2vec2, whisper: 'Det er 50 øerne') → FEJL
18:08:27   sammensat frag.det_er + noun.coin.50.def.mid: 'det er 0ørern' CER 0.444 (wav2vec2, whisper: 'Det er 50 øerne') → FEJL
18:08:29   sammensat frag.det_er + noun.coin.50.indef.mid: 'det er 10 ører' CER 0.579 (wav2vec2, whisper: 'Det er 51 øer') → FEJL
18:08:32   sammensat frag.det_er + noun.coin.50.pl.end: 'det er 50 øer' CER 0.056 (wav2vec2, whisper: 'Det er 50 øer') → FEJL
18:08:34   sammensat frag.det_er + noun.coin.50.pl.mid: 'det er 50 sører' CER 0.056 (wav2vec2, whisper: 'Det er 50 øer') → FEJL
18:08:37   sammensat frag.det_er + noun.coin.500.def.end: 'Det er femkronen' CER 0.000 (whisper, wav2vec2: 'det er 5 kronen') → ok
18:08:39   sammensat frag.det_er + noun.coin.500.def.mid: 'det er 5 krnn' CER 0.143 (wav2vec2, whisper: 'Det er 5 kroner') → FEJL
18:08:42   sammensat frag.det_er + noun.coin.500.indef.mid: 'Det er en femkrone' CER 0.000 (whisper, wav2vec2: 'det er en 5 krone') → ok
18:08:44   sammensat frag.det_er + noun.coin.500.pl.end: 'det er 5 kr' CER 0.286 (wav2vec2, whisper: 'Det er 5 kroner') → FEJL
18:08:47   sammensat frag.det_er + noun.coin.500.pl.mid: 'det er 5 krer' CER 0.143 (wav2vec2, whisper: 'Det er 5 kroner') → FEJL
18:08:49   sammensat frag.det_er + noun.coin.5000.def.end: 'det er 50 kronsædlin' CER 0.120 (wav2vec2, whisper: 'Det er 50 kroner sædlen') → FEJL
18:08:52   sammensat frag.det_er + noun.coin.5000.def.mid: 'det er 50 kronsidlen' CER 0.080 (wav2vec2, whisper: 'Det er 50 kroner siden') → FEJL
18:08:55   sammensat frag.det_er + noun.coin.5000.indef.mid: 'det er en 50 kron sædddel' CER 0.111 (wav2vec2, whisper: 'Det er en 50 kroner seddel') → FEJL
18:08:58   sammensat frag.det_er + noun.coin.5000.pl.end: 'det er 50 kronsedler' CER 0.040 (wav2vec2, whisper: 'Det er 50 kroner sædler') → FEJL
18:09:01   sammensat frag.det_er + noun.coin.5000.pl.mid: 'det er 50 kronesedler' CER 0.000 (wav2vec2, whisper: 'Det er 50 kroner i sedler') → FEJL
18:09:04   sammensat frag.det_er + noun.coin.50000.def.end: 'det er 500 kronseden' CER 0.115 (wav2vec2, whisper: 'Det er 500 kroner sædlen') → FEJL
18:09:07   sammensat frag.det_er + noun.coin.50000.def.mid: 'det er 500 kron i sidden' CER 0.154 (wav2vec2, whisper: 'Det er 500 kroner siden') → FEJL
18:09:10   sammensat frag.det_er + noun.coin.50000.indef.mid: 'det er en 500 kronisæddel' CER 0.107 (wav2vec2, whisper: 'Det er en 500 kroner seddel') → FEJL
18:09:13   sammensat frag.det_er + noun.coin.50000.pl.end: 'det er 500 kronesedler' CER 0.038 (wav2vec2, whisper: 'Det er 500 kroner i sedler') → FEJL
18:09:16   sammensat frag.det_er + noun.coin.50000.pl.mid: 'det er 500 krone sedler' CER 0.038 (wav2vec2, whisper: 'Det er 500 kroner i sedler') → FEJL
18:09:18   sammensat frag.det_er + noun.digit.0.end: 'Det er nullet' CER 0.000 (whisper, wav2vec2: 'det er n0et') → ok
18:09:21   sammensat frag.det_er + noun.digit.0.mid: 'det er nulvet' CER 0.091 (wav2vec2, whisper: 'Det er 0') → FEJL
18:09:23   sammensat frag.det_er + noun.digit.1.end: 'det er et tallet' CER 0.077 (wav2vec2, whisper: 'Det er et tallet') → FEJL
18:09:25   sammensat frag.det_er + noun.digit.1.mid: 'det er et tallet' CER 0.077 (wav2vec2, whisper: 'Det er et tallet') → FEJL
18:09:28   sammensat frag.det_er + noun.digit.2.end: 'det er totalet' CER 0.077 (wav2vec2, whisper: 'Det er totalet') → FEJL
18:09:28   sammensat frag.det_er + noun.digit.2.mid: 'det er totallet' CER 0.000 (wav2vec2) → ok
18:09:30   sammensat frag.det_er + noun.digit.3.end: 'Det er tretallet' CER 0.000 (whisper, wav2vec2: 'det er tre tallet') → ok
18:09:30   sammensat frag.det_er + noun.digit.3.mid: 'det er tretallet' CER 0.000 (wav2vec2) → ok
18:09:33   sammensat frag.det_er + noun.digit.4.end: 'Det er firetallet' CER 0.000 (whisper, wav2vec2: 'det er firtallet') → ok
18:09:36   sammensat frag.det_er + noun.digit.4.mid: 'det er viretallet' CER 0.067 (wav2vec2, whisper: 'Det er fyrtallet') → FEJL
18:09:38   sammensat frag.det_er + noun.digit.5.end: 'Det er femtallet' CER 0.000 (whisper, wav2vec2: 'det er emtallet') → ok
18:09:40   sammensat frag.det_er + noun.digit.5.mid: 'Det er femtallet' CER 0.000 (whisper, wav2vec2: 'det er vemtallet') → ok
18:09:43   sammensat frag.det_er + noun.digit.6.end: 'Det er sekstallet' CER 0.000 (whisper, wav2vec2: 'det er setallet') → ok
18:09:45   sammensat frag.det_er + noun.digit.6.mid: 'Det er sekstallet' CER 0.000 (whisper, wav2vec2: 'det er 6tallet') → ok
18:09:48   sammensat frag.det_er + noun.digit.7.end: 'det er sytallet' CER 0.071 (wav2vec2, whisper: 'Det er syvtalet') → FEJL
18:09:48   sammensat frag.det_er + noun.digit.7.mid: 'det er syvtallet' CER 0.000 (wav2vec2) → ok
18:09:51   sammensat frag.det_er + noun.digit.8.end: 'Det er ottetallet' CER 0.000 (whisper, wav2vec2: 'det er o tallet') → ok
18:09:53   sammensat frag.det_er + noun.digit.8.mid: 'Det er ottetallet' CER 0.000 (whisper, wav2vec2: 'det er ote tallet') → ok
18:09:56   sammensat frag.det_er + noun.digit.9.end: 'det er itallet' CER 0.077 (wav2vec2, whisper: 'Det er 9 tallet') → FEJL
18:09:58   sammensat frag.det_er + noun.digit.9.mid: 'det er metallet' CER 0.154 (wav2vec2, whisper: 'Det er metallet') → FEJL
18:09:58   sammensat frag.det_er + noun.frac.1_2.end: 'det er en halv' CER 0.000 (wav2vec2) → ok
18:09:59   sammensat frag.det_er + noun.frac.1_2.mid: 'det er en halv' CER 0.000 (wav2vec2) → ok
18:09:59   sammensat frag.det_er + noun.frac.1_3.mid: 'det er en tredjedel' CER 0.000 (wav2vec2) → ok
18:09:59   sammensat frag.det_er + noun.frac.1_4.mid: 'det er en fjerdedel' CER 0.000 (wav2vec2) → ok
18:10:02   sammensat frag.det_er + noun.frac.2_3.mid: 'Det er to tredjedele' CER 0.000 (whisper, wav2vec2: 'dr 2o tredjedele') → ok
18:10:02   sammensat frag.det_er + noun.frac.3_4.mid: 'det er tre fjerdedele' CER 0.000 (wav2vec2) → ok
18:10:02   sammensat frag.det_er + noun.mt.bridge: 'det er en bro' CER 0.000 (wav2vec2) → ok
18:10:03   sammensat frag.det_er + noun.mt.bus: 'det er en bus' CER 0.000 (wav2vec2) → ok
18:10:05   sammensat frag.det_er + noun.mt.carrot: 'Det er en gulerod' CER 0.000 (whisper, wav2vec2: 'det er en gullerod') → ok
18:10:08   sammensat frag.det_er + noun.mt.comb: 'det er én kamp' CER 0.100 (wav2vec2, whisper: 'Det er én kamp') → FEJL
18:10:10   sammensat frag.det_er + noun.mt.fork: 'det er en gafel' CER 0.077 (wav2vec2, whisper: 'Det er en gafel') → FEJL
18:10:10   sammensat frag.det_er + noun.mt.house: 'det er et hus' CER 0.000 (wav2vec2) → ok
18:10:10   sammensat frag.det_er + noun.mt.leaf: 'det er et blad' CER 0.000 (wav2vec2) → ok
18:10:11   sammensat frag.det_er + noun.mt.lorry: 'det er en lastbil' CER 0.000 (wav2vec2) → ok
18:10:13   sammensat frag.det_er + noun.mt.pencil: 'Det er en blyant' CER 0.000 (whisper, wav2vec2: 'det er inflyant') → ok
18:10:13   sammensat frag.det_er + noun.mt.plane: 'det er et fly' CER 0.000 (wav2vec2) → ok
18:10:14   sammensat frag.det_er + noun.mt.ship: 'det er et skib' CER 0.000 (wav2vec2) → ok
18:10:16   sammensat frag.det_er + noun.mt.shoe: 'Det er en sko' CER 0.000 (whisper, wav2vec2: 'det er en skov') → ok
18:10:16   sammensat frag.det_er + noun.mt.spoon: 'det er en ske' CER 0.000 (wav2vec2) → ok
18:10:17   sammensat frag.det_er + noun.mt.train: 'det er 1 tog' CER 0.000 (wav2vec2) → ok
18:10:19   sammensat frag.det_er + noun.mt.whale: 'det er en vag' CER 0.182 (wav2vec2, whisper: 'Det er en vag') → FEJL
18:10:19   sammensat frag.det_er + noun.mt.worm: 'det er en regnorm' CER 0.000 (wav2vec2) → ok
18:10:19   sammensat frag.det_er + noun.muldiv.dyr: 'det er dyr' CER 0.000 (wav2vec2) → ok
18:10:22   sammensat frag.det_er + noun.place.h.pl.end: 'det er kun højre' CER 0.429 (wav2vec2, whisper: 'Det er hun højre') → FEJL
18:10:25   sammensat frag.det_er + noun.place.h.pl.mid: 'det er honreder' CER 0.143 (wav2vec2, whisper: 'Det er hunrødder') → FEJL
18:10:27   sammensat frag.det_er + noun.place.h.sg.end: 'det er på n0e' CER 0.462 (wav2vec2, whisper: 'Det er honnøjet') → FEJL
18:10:30   sammensat frag.det_er + noun.place.h.sg.mid: 'det er hunrede i da' CER 0.308 (wav2vec2, whisper: 'Det er hun rød i dag') → FEJL
18:10:30   sammensat frag.det_er + noun.place.o.pl.end: 'det er enere' CER 0.000 (wav2vec2) → ok
18:10:32   sammensat frag.det_er + noun.place.o.pl.mid: 'det er i noget' CER 0.400 (wav2vec2, whisper: 'Det er i noget') → FEJL
18:10:32   sammensat frag.det_er + noun.place.o.sg.end: 'det er ener' CER 0.000 (wav2vec2) → ok
18:10:32   sammensat frag.det_er + noun.place.o.sg.mid: 'det er ener' CER 0.000 (wav2vec2) → ok
18:10:35   sammensat frag.det_er + noun.place.t.pl.end: 'det er' CER 0.500 (wav2vec2, whisper: 'Det er ting') → FEJL
18:10:37   sammensat frag.det_er + noun.place.t.sg.end: 'det er 10er' CER 0.000 (wav2vec2, whisper: 'Det er 10'er') → FEJL
18:10:37   sammensat frag.det_er + noun.place.t.sg.mid: 'det er tier' CER 0.000 (wav2vec2) → ok
18:10:40   sammensat frag.det_er + noun.shape.hexagon.def.end: 'Det er sekskanten' CER 0.000 (whisper, wav2vec2: 'det er 6 kanten') → ok
18:10:43   sammensat frag.det_er + noun.shape.hexagon.def.mid: 'Det er sekskanten' CER 0.000 (whisper, wav2vec2: 'dt er 6kanten') → ok
18:10:45   sammensat frag.det_er + noun.shape.hexagon.indef.end: 'Det er en sekskant' CER 0.000 (whisper, wav2vec2: 'det er en s6 kant') → ok
18:10:48   sammensat frag.det_er + noun.shape.hexagon.indef.mid: 'det er en s6xkant' CER 0.133 (wav2vec2, whisper: 'Det er en sekskat') → FEJL
18:10:50   sammensat frag.det_er + noun.shape.hexagon.pl.end: 'det er 6 kanter' CER 0.000 (wav2vec2, whisper: 'Det er seks kanter') → FEJL
18:10:53   sammensat frag.det_er + noun.shape.hexagon.pl.mid: 'det er 6 kanter' CER 0.000 (wav2vec2, whisper: 'Det er seks kanter') → FEJL
18:10:55   sammensat frag.det_er + noun.shape.octagon.def.end: 'Det er ottekanten' CER 0.000 (whisper, wav2vec2: 'det er 8kanten') → ok
18:10:57   sammensat frag.det_er + noun.shape.octagon.def.mid: 'Det er ottekanten' CER 0.000 (whisper, wav2vec2: 'det er otekanten') → ok
18:11:00   sammensat frag.det_er + noun.shape.octagon.indef.mid: 'Det er en ottekant' CER 0.000 (whisper, wav2vec2: 'det er en ote kant') → ok
18:11:03   sammensat frag.det_er + noun.shape.octagon.pl.end: 'det er 8 kanter' CER 0.000 (wav2vec2, whisper: 'Det er 8 kanter') → FEJL
18:11:05   sammensat frag.det_er + noun.shape.octagon.pl.mid: 'det er 8 kanter' CER 0.000 (wav2vec2, whisper: 'Det er 8 kanter') → FEJL
18:11:07   sammensat frag.det_er + noun.shape.pentagon.def.end: 'Det er femkanten' CER 0.000 (whisper, wav2vec2: 'det er 5 kanten') → ok
18:11:10   sammensat frag.det_er + noun.shape.pentagon.def.mid: 'Det er femkanten' CER 0.000 (whisper, wav2vec2: 'det er 5kanten') → ok
18:11:12   sammensat frag.det_er + noun.shape.pentagon.indef.end: 'Det er en femkant' CER 0.000 (whisper, wav2vec2: 'det er en fem kant') → ok
18:11:12   sammensat frag.det_er + noun.shape.pentagon.indef.mid: 'det er en femkant' CER 0.000 (wav2vec2) → ok
18:11:15   sammensat frag.det_er + noun.shape.pentagon.pl.end: 'det er 5 kanter' CER 0.000 (wav2vec2, whisper: 'Det er 5 kanter') → FEJL
18:11:17   sammensat frag.det_er + noun.shape.pentagon.pl.mid: 'det er 5 kanter' CER 0.000 (wav2vec2, whisper: 'Det er 5 kanter') → FEJL
18:11:20   sammensat frag.det_er + noun.shape.rectangle.def.end: 'Det er rektanglet' CER 0.000 (whisper, wav2vec2: 'det er rettanglet') → ok
18:11:22   sammensat frag.det_er + noun.shape.rectangle.def.mid: 'Det er rektanglet' CER 0.000 (whisper, wav2vec2: 'det er ræktanglet') → ok
18:11:25   sammensat frag.det_er + noun.shape.rectangle.indef.mid: 'det er et rek tange' CER 0.062 (wav2vec2, whisper: 'Det er et rektange') → FEJL
18:11:28   sammensat frag.det_er + noun.shape.rectangle.pl.end: 'Det er rektangler' CER 0.000 (whisper, wav2vec2: 'det er ræktankler') → ok
18:11:30   sammensat frag.det_er + noun.shape.rectangle.pl.mid: 'Det er rektangler' CER 0.000 (whisper, wav2vec2: 'det er ræktangler') → ok
18:11:33   sammensat frag.det_er + noun.shape.rhombus.def.end: 'det er hrompen' CER 0.182 (wav2vec2, whisper: 'Det er Hånden') → FEJL
18:11:36   sammensat frag.det_er + noun.shape.rhombus.def.mid: 'det er rompen' CER 0.091 (wav2vec2, whisper: 'Det er Håndpen') → FEJL
18:11:38   sammensat frag.det_er + noun.shape.rhombus.indef.end: 'det er en rompe' CER 0.083 (wav2vec2, whisper: 'Det er en rompe') → FEJL
18:11:40   sammensat frag.det_er + noun.shape.rhombus.indef.mid: 'det er en rumbe' CER 0.083 (wav2vec2, whisper: 'Det er en rumpe') → FEJL
18:11:43   sammensat frag.det_er + noun.shape.rhombus.pl.end: 'det er homber' CER 0.091 (wav2vec2, whisper: 'Det er Homba') → FEJL
18:11:45   sammensat frag.det_er + noun.shape.rhombus.pl.mid: 'det er romper' CER 0.091 (wav2vec2, whisper: 'Det er romper') → FEJL
18:11:48   sammensat frag.det_er + noun.shape.semicircle.def.end: 'det er alcirklen' CER 0.125 (wav2vec2, whisper: 'Det er al cirklen') → FEJL
18:11:48   sammensat frag.det_er + noun.shape.semicircle.def.mid: 'det er halvcirklen' CER 0.000 (wav2vec2) → ok
18:11:51   sammensat frag.det_er + noun.shape.semicircle.indef.mid: 'det er en halv sirdyr' CER 0.235 (wav2vec2, whisper: 'Det er en halvcirkus') → FEJL
18:11:53   sammensat frag.det_er + noun.shape.semicircle.pl.end: 'Det er halvcirkler' CER 0.000 (whisper, wav2vec2: 'det er halcirkler') → ok
18:11:53   sammensat frag.det_er + noun.shape.semicircle.pl.mid: 'det er halvcirkler' CER 0.000 (wav2vec2) → ok
18:11:54   sammensat frag.det_er + noun.shape.square.def.end: 'det er kvadratet' CER 0.000 (wav2vec2) → ok
18:11:54   sammensat frag.det_er + noun.shape.square.def.mid: 'det er kvadratet' CER 0.000 (wav2vec2) → ok
18:11:54   sammensat frag.det_er + noun.shape.square.indef.end: 'det er et kvadrat' CER 0.000 (wav2vec2) → ok
18:11:54   sammensat frag.det_er + noun.shape.square.indef.mid: 'det er et kvadrat' CER 0.000 (wav2vec2) → ok
18:11:54   sammensat frag.det_er + noun.shape.square.pl.end: 'det er kvadrater' CER 0.000 (wav2vec2) → ok
18:11:55   sammensat frag.det_er + noun.shape.square.pl.mid: 'det er kvadrater' CER 0.000 (wav2vec2) → ok
18:11:57   sammensat frag.det_er + noun.shape.trapezoid.def.end: 'det er trapesset' CER 0.154 (wav2vec2, whisper: 'Det er trapezzet') → FEJL
18:12:00   sammensat frag.det_er + noun.shape.trapezoid.def.mid: 'det er trapeset' CER 0.077 (wav2vec2, whisper: 'Det er trapeze') → FEJL
18:12:02   sammensat frag.det_er + noun.shape.trapezoid.indef.end: 'Det er et trapez' CER 0.000 (whisper, wav2vec2: 'det er et trapis') → ok
18:12:04   sammensat frag.det_er + noun.shape.trapezoid.indef.mid: 'det er et tapis' CER 0.231 (wav2vec2, whisper: 'Det er et tapets') → FEJL
18:12:07   sammensat frag.det_er + noun.shape.trapezoid.pl.end: 'Det er trapezer' CER 0.000 (whisper, wav2vec2: 'det er trapeser') → ok
18:12:09   sammensat frag.det_er + noun.shape.trapezoid.pl.mid: 'Det er trapezer' CER 0.000 (whisper, wav2vec2: 'det er trapeser') → ok
18:12:11   sammensat frag.det_er + noun.solid.cone.def.end: 'det er kaien' CER 0.273 (wav2vec2, whisper: 'Det er kajen') → FEJL
18:12:14   sammensat frag.det_er + noun.solid.cone.def.mid: 'det er kyglingn' CER 0.364 (wav2vec2, whisper: 'Det er kajen') → FEJL
18:12:14   sammensat frag.det_er + noun.solid.cone.indef.end: 'det er en kegle' CER 0.000 (wav2vec2) → ok
18:12:14   sammensat frag.det_er + noun.solid.cone.indef.mid: 'det er en kegle' CER 0.000 (wav2vec2) → ok
18:12:14   sammensat frag.det_er + noun.solid.cone.pl.end: 'det er kegler' CER 0.000 (wav2vec2) → ok
18:12:14   sammensat frag.det_er + noun.solid.cone.pl.mid: 'det er kegler' CER 0.000 (wav2vec2) → ok
18:12:15   sammensat frag.det_er + noun.solid.cube.def.end: 'det er terningen' CER 0.000 (wav2vec2) → ok
18:12:15   sammensat frag.det_er + noun.solid.cube.def.mid: 'det er terningen' CER 0.000 (wav2vec2) → ok
18:12:15   sammensat frag.det_er + noun.solid.cube.indef.end: 'det er en terning' CER 0.000 (wav2vec2) → ok
18:12:17   sammensat frag.det_er + noun.solid.cube.indef.mid: 'Det er en terning' CER 0.000 (whisper, wav2vec2: 'det er interning') → ok
18:12:18   sammensat frag.det_er + noun.solid.cube.pl.end: 'det er terninger' CER 0.000 (wav2vec2) → ok
18:12:18   sammensat frag.det_er + noun.solid.cube.pl.mid: 'det er terninger' CER 0.000 (wav2vec2) → ok
18:12:20   sammensat frag.det_er + noun.solid.cuboid.def.end: 'Det er kassen' CER 0.000 (whisper, wav2vec2: 'der kassen') → ok
18:12:22   sammensat frag.det_er + noun.solid.cuboid.def.mid: 'Det er kassen' CER 0.000 (whisper, wav2vec2: 'det er cassen') → ok
18:12:23   sammensat frag.det_er + noun.solid.cuboid.indef.end: 'det er en kasse' CER 0.000 (wav2vec2) → ok
18:12:23   sammensat frag.det_er + noun.solid.cuboid.indef.mid: 'det er en kasse' CER 0.000 (wav2vec2) → ok
18:12:23   sammensat frag.det_er + noun.solid.cuboid.pl.end: 'det er kasser' CER 0.000 (wav2vec2) → ok
18:12:23   sammensat frag.det_er + noun.solid.cuboid.pl.mid: 'det er kasser' CER 0.000 (wav2vec2) → ok
18:12:26   sammensat frag.det_er + noun.solid.cylinder.def.end: 'Det er cylinderen' CER 0.000 (whisper, wav2vec2: 'det er cilindan') → ok
18:12:28   sammensat frag.det_er + noun.solid.cylinder.def.mid: 'Det er cylinderen' CER 0.000 (whisper, wav2vec2: 'det er cilindaen') → ok
18:12:28   sammensat frag.det_er + noun.solid.cylinder.indef.mid: 'det er en cylinder' CER 0.000 (wav2vec2) → ok
18:12:30   sammensat frag.det_er + noun.solid.cylinder.pl.end: 'Det er cylindre' CER 0.000 (whisper, wav2vec2: 'det er sillindre') → ok
18:12:33   sammensat frag.det_er + noun.solid.cylinder.pl.mid: 'Det er cylindre' CER 0.000 (whisper, wav2vec2: 'det er cilindre') → ok
18:12:33   sammensat frag.det_er + noun.solid.pyramid.def.end: 'det er pyramiden' CER 0.000 (wav2vec2) → ok
18:12:35   sammensat frag.det_er + noun.solid.pyramid.def.mid: 'Det er pyramiden' CER 0.000 (whisper, wav2vec2: 'det er pyrameden') → ok
18:12:35   sammensat frag.det_er + noun.solid.pyramid.indef.mid: 'det er en pyramide' CER 0.000 (wav2vec2) → ok
18:12:36   sammensat frag.det_er + noun.solid.pyramid.pl.end: 'det er pyramider' CER 0.000 (wav2vec2) → ok
18:12:36   sammensat frag.det_er + noun.solid.pyramid.pl.mid: 'det er pyramider' CER 0.000 (wav2vec2) → ok
18:12:38   sammensat frag.det_er + noun.solid.sphere.def.end: 'det er kolen' CER 0.182 (wav2vec2, whisper: 'Det er kolden') → FEJL
18:12:41   sammensat frag.det_er + noun.solid.sphere.def.mid: 'det er corin' CER 0.455 (wav2vec2, whisper: 'Det er Corrine') → FEJL
18:12:43   sammensat frag.det_er + noun.solid.sphere.indef.end: 'Det er en kugle' CER 0.000 (whisper, wav2vec2: 'det er en kogle') → ok
18:12:45   sammensat frag.det_er + noun.solid.sphere.indef.mid: 'Det er en kugle' CER 0.000 (whisper, wav2vec2: 'det er en kole') → ok
18:12:48   sammensat frag.det_er + noun.solid.sphere.pl.end: 'det er koler' CER 0.182 (wav2vec2, whisper: 'Det er cola') → FEJL
18:12:50   sammensat frag.det_er + noun.solid.sphere.pl.mid: 'det er kurer' CER 0.182 (wav2vec2, whisper: 'Det er coolere') → FEJL
18:12:50   sammensat frag.det_er + noun.unit.cm.end: 'det er centimeter' CER 0.000 (wav2vec2) → ok
18:12:50   sammensat frag.det_er + noun.unit.cm.mid: 'det er centimeter' CER 0.000 (wav2vec2) → ok
18:12:52   sammensat frag.det_er + noun.unit.g.end: 'det er kram' CER 0.111 (wav2vec2, whisper: 'Det er kramp') → FEJL
18:12:55   sammensat frag.det_er + noun.unit.g.mid: 'det er kram' CER 0.111 (wav2vec2, whisper: 'Det er kram') → FEJL
18:12:55   sammensat frag.det_er + noun.unit.kg.end: 'det er kilogram' CER 0.000 (wav2vec2) → ok
18:12:55   sammensat frag.det_er + noun.unit.kg.mid: 'det er kilogram' CER 0.000 (wav2vec2) → ok
18:12:57   sammensat frag.det_er + noun.unit.krone.end: 'det er kro' CER 0.200 (wav2vec2, whisper: 'Det er krog') → FEJL
18:13:00   sammensat frag.det_er + noun.unit.krone.mid: 'det er kort' CER 0.300 (wav2vec2, whisper: 'Det er korn') → FEJL
18:13:00   sammensat frag.det_er + noun.unit.krone_og: 'det er krone og' CER 0.000 (wav2vec2) → ok
18:13:00   sammensat frag.det_er + noun.unit.kroner.end: 'det er kroner' CER 0.000 (wav2vec2) → ok
18:13:00   sammensat frag.det_er + noun.unit.kroner.mid: 'det er kroner' CER 0.000 (wav2vec2) → ok
18:13:01   sammensat frag.det_er + noun.unit.kroner_og: 'det er kroner og' CER 0.000 (wav2vec2) → ok
18:13:01   sammensat frag.det_er + noun.unit.m.end: 'det er meter' CER 0.000 (wav2vec2) → ok
18:13:01   sammensat frag.det_er + noun.unit.m.mid: 'det er meter' CER 0.000 (wav2vec2) → ok
18:13:01   sammensat frag.det_er + noun.unit.ore.end: 'det er øre' CER 0.000 (wav2vec2) → ok
18:13:04   sammensat frag.det_er + noun.unit.ore.mid: 'de er byer' CER 0.500 (wav2vec2, whisper: 'Det er øer') → FEJL
18:13:04   sammensat n.mid.7 + op.gange + n.end.5: '7 gange 5' CER 0.000 (wav2vec2) → ok
18:13:04   sammensat n.mid.7 + op.gange + n.end.5: '7 gange 5' CER 0.000 (wav2vec2) → ok
18:13:04   sammensat frag.det_er + s.composeShapes.howMany: 'det er hvor mange' CER 0.000 (wav2vec2) → ok
18:13:07   sammensat frag.det_er + s.composeShapes.small.square.mid: 'Det er små kvadrater' CER 0.000 (whisper, wav2vec2: 'det er små kvatrater') → ok
18:13:08   sammensat frag.det_er + s.composeShapes.small.triangle.mid: 'det er små trekanter' CER 0.000 (wav2vec2) → ok
18:13:10   sammensat frag.det_er + s.fractionShape.colour: 'det er farve' CER 0.111 (wav2vec2, whisper: 'Det er farve') → FEJL
18:13:10   sammensat frag.det_er + s.groupsOf.groupsWith: 'det er grupper med' CER 0.000 (wav2vec2) → ok
18:13:10   sammensat frag.det_er + s.groupsOf.inEach: 'det er i hver' CER 0.000 (wav2vec2) → ok
18:13:13   sammensat frag.det_er + s.kind.clockSet.dial: 'det er ordet' CER 0.222 (wav2vec2, whisper: 'Det er ordet') → FEJL
18:13:13   sammensat frag.det_er + s.kind.colorParts.part: 'det er en del' CER 0.000 (wav2vec2) → ok
18:13:16   sammensat frag.det_er + s.kind.pay.back: 'Det er Læg den tilbage' CER 0.000 (whisper, wav2vec2: 'det er lægge den tilbage') → ok
18:13:18   sammensat frag.det_er + s.kind.pay.purse: 'Det er pungen' CER 0.000 (whisper, wav2vec2: 'det er poen') → ok
18:13:20   sammensat frag.det_er + s.kind.pay.tray: 'det er backu' CER 0.273 (wav2vec2, whisper: 'Det er bakke') → FEJL
18:13:22   sammensat frag.det_er + s.kind.share.pile: 'det er buncen' CER 0.091 (wav2vec2, whisper: 'Det er bomben') → FEJL
18:13:24   sammensat frag.det_er + s.kind.share.plate: 'Det er tallerken' CER 0.000 (whisper, wav2vec2: 'det er talerken') → ok
18:13:27   sammensat frag.det_er + s.money.itCosts: 'Det er. Det koster' CER 0.000 (whisper, wav2vec2: 'dr det koster') → ok
18:13:30   sammensat frag.det_er + s.nl.hopFrom: 'Det er hoppet starter ved' CER 0.000 (whisper, wav2vec2: 'det er hobbet starter ved') → ok
18:13:32   sammensat frag.det_er + s.nl.place: 'Det er sæt nålen ved' CER 0.000 (whisper, wav2vec2: 'det er set nålen ved') → ok
18:13:33   sammensat frag.det_er + s.place.build: 'det er bygtallet' CER 0.000 (wav2vec2) → ok
18:13:35   sammensat frag.det_er + s.shareEqually.between: 'Det er ligeligt mellem' CER 0.000 (whisper, wav2vec2: 'det er ligelidt mellem') → ok
18:13:37   sammensat frag.det_er + s.shareEqually.share: 'det er d' CER 0.250 (wav2vec2, whisper: 'Det er D') → FEJL
18:13:38   sammensat frag.det_er + t.end.105: 'det er kvarti 2' CER 0.000 (wav2vec2) → ok
18:13:38   sammensat frag.det_er + t.end.150: 'det er halv 3' CER 0.000 (wav2vec2) → ok
18:13:38   sammensat frag.det_er + t.end.165: 'det er kvart i 3' CER 0.000 (wav2vec2) → ok
18:13:38   sammensat frag.det_er + t.end.210: 'det er halv 4' CER 0.000 (wav2vec2) → ok
18:13:40   sammensat frag.det_er + t.end.270: 'Det er halv 5' CER 0.000 (whisper, wav2vec2: 'det er 95') → ok
18:13:41   sammensat frag.det_er + t.end.285: 'det er kvart i 5' CER 0.000 (wav2vec2) → ok
18:13:41   sammensat frag.det_er + t.end.30: 'det er halv 1' CER 0.000 (wav2vec2) → ok
18:13:41   sammensat frag.det_er + t.end.330: 'det er halv 6' CER 0.000 (wav2vec2) → ok
18:13:41   sammensat frag.det_er + t.end.345: 'det er kvart i 6' CER 0.000 (wav2vec2) → ok
18:13:41   sammensat frag.det_er + t.end.390: 'det er halv 7' CER 0.000 (wav2vec2) → ok
18:13:41   sammensat frag.det_er + t.end.405: 'det er kvarti 7' CER 0.000 (wav2vec2) → ok
18:13:42   sammensat frag.det_er + t.end.45: 'det er kvart i 1' CER 0.000 (wav2vec2) → ok
18:13:44   sammensat frag.det_er + t.end.450: 'Det er halv 8' CER 0.000 (whisper, wav2vec2: 'det er h2lv 8') → ok
18:13:44   sammensat frag.det_er + t.end.510: 'det er halv 9' CER 0.000 (wav2vec2) → ok
18:13:44   sammensat frag.det_er + t.end.525: 'det er kvart i 9' CER 0.000 (wav2vec2) → ok
18:13:47   sammensat frag.det_er + t.end.570: 'Det er halv 10' CER 0.000 (whisper, wav2vec2: 'det er alv 10') → ok
18:13:47   sammensat frag.det_er + t.end.585: 'det er kvart i 10' CER 0.000 (wav2vec2) → ok
18:13:47   sammensat frag.det_er + t.end.690: 'det er halv 12' CER 0.000 (wav2vec2) → ok
18:13:50   sammensat frag.det_er + t.end.705: 'Det er kvart i 12' CER 0.000 (whisper, wav2vec2: 'det er kvarti tøj') → ok
18:13:50   sammensat frag.det_er + t.end.90: 'det er halv 2' CER 0.000 (wav2vec2) → ok
18:13:50   sammensat frag.det_er + t.part.halv: 'det er halv' CER 0.000 (wav2vec2) → ok
18:13:50   sammensat frag.det_er + t.part.kvart_i: 'det er kvart i' CER 0.000 (wav2vec2) → ok
18:13:50   sammensat frag.det_er + t.part.kvart_over: 'det er kvart over' CER 0.000 (wav2vec2) → ok
18:13:53 ✅ EOS token detected! Stopping generation at step 32
18:13:58 kald single k=1 t2 'Betal,': 7.7 s for 1.24 s lyd
18:13:58   frag.betal t2: 0.52 s (forhold 0.82) -18.0 LUFS, none: 'None' CER None (None) → ok
18:14:00 ✅ EOS token detected! Stopping generation at step 20
18:14:05 kald single k=1 t1 'er,': 6.7 s for 0.76 s lyd
18:14:05   hint.change.is t1: 0.37 s (forhold 1.18) -18.0 LUFS, none: 'None' CER None (None) → ok
18:14:08 ✅ EOS token detected! Stopping generation at step 36
18:14:13 kald single k=1 t1 'Tæl op til,': 8.1 s for 1.40 s lyd
18:14:13   hint.missingPart10.countTo t1: 0.74 s (forhold 0.79) -18.17 LUFS, none: 'None' CER None (None) → ok
18:14:15 ✅ EOS token detected! Stopping generation at step 26
18:14:20 kald single k=1 t1 'og gå,': 7.0 s for 1.00 s lyd
18:14:21   hint.nl.andGo t1: 0.36 s (forhold 0.57) -18.05 LUFS, none: 'None' CER None (None) → ok
18:14:23 ✅ EOS token detected! Stopping generation at step 29
18:14:28 kald single k=1 t1 'frem.': 6.9 s for 1.12 s lyd
18:14:28   hint.nl.forward t1: 0.36 s (forhold 1.15) -18.1 LUFS, none: 'None' CER None (None) → ok
18:14:30 ✅ EOS token detected! Stopping generation at step 21
18:14:34 kald single k=1 t1 'kommer,': 6.6 s for 0.80 s lyd
18:14:35   hint.order.comes t1: 0.36 s (forhold 0.58) -18.13 LUFS, none: 'None' CER None (None) → ok
18:14:37 ✅ EOS token detected! Stopping generation at step 38
18:14:43 kald single k=1 t1 'Ti mere end,': 7.9 s for 1.48 s lyd
18:14:43   hint.order.tenMoreThan t1: 0.85 s (forhold 0.68) -18.0 LUFS, none: 'None' CER None (None) → ok
18:14:45 forcing EOS token, long_tail=tensor(True), alignment_repetition=tensor(False), token_repetition=False
18:14:45 ✅ EOS token detected! Stopping generation at step 25
18:14:49 kald single k=1 t1 'har,': 6.6 s for 0.96 s lyd
18:14:50   hint.place.has t1: 0.27 s (forhold 0.85) -18.19 LUFS, none: 'None' CER None (None) → ok
18:14:52 ✅ EOS token detected! Stopping generation at step 34
18:14:57 kald single k=1 t1 'stang er,': 7.4 s for 1.32 s lyd
18:14:57   hint.place.rodIs t1: 0.91 s (forhold 1.45) -18.12 LUFS, none: 'None' CER None (None) → ok
18:14:59 ✅ EOS token detected! Stopping generation at step 23
18:15:04 kald single k=1 t1 'værd.': 6.6 s for 0.88 s lyd
18:15:04   hint.place.worthEnd t1: 0.37 s (forhold 1.19) -18.0 LUFS, none: 'None' CER None (None) → ok
18:15:06 ✅ EOS token detected! Stopping generation at step 30
18:15:11 kald single k=1 t1 'Så er den,': 7.0 s for 1.16 s lyd
18:15:11   hint.rulerRead.soItIs t1: 0.73 s (forhold 0.78) -18.07 LUFS, none: 'None' CER None (None) → ok
18:15:15 ✅ EOS token detected! Stopping generation at step 55
18:15:21 kald head k=1 t1 'Tallet er fire hundrede og nitten.': 10.0 s for 2.16 s lyd
18:15:22   hog.400 t1: 0.56 s (forhold 0.30) -18.0 LUFS, carrier: 'tallet er 419' CER 0.0 (wav2vec2) → ok
18:15:27 ✅ EOS token detected! Stopping generation at step 67
18:15:33 kald head k=1 t1 'Tallet er syv hundrede og treoghalvfjerds.': 11.5 s for 2.64 s lyd
18:15:34   hog.700 t1: 0.67 s (forhold 0.43) -18.0 LUFS, carrier: 'tallet er 773' CER 0.0 (wav2vec2) → ok
18:15:39 forcing EOS token, long_tail=tensor(True), alignment_repetition=tensor(False), token_repetition=False
18:15:39 ✅ EOS token detected! Stopping generation at step 72
18:15:46 kald head k=1 t1 'Tallet er otte hundrede og enoghalvfems.': 11.8 s for 2.84 s lyd
18:15:46   hog.800 t1: 0.71 s (forhold 0.38) -18.0 LUFS, carrier: 'tallet er 891' CER 0.0 (wav2vec2) → ok
18:15:49 ✅ EOS token detected! Stopping generation at step 36
18:15:54 kald single k=1 t1 'rævehvalp': 7.8 s for 1.40 s lyd
18:15:54   name.baby.fox t1: 0.80 s (forhold 0.85) -18.0 LUFS, none: 'None' CER None (None) → ok
18:15:56 forcing EOS token, long_tail=tensor(True), alignment_repetition=tensor(False), token_repetition=False
18:15:56 ✅ EOS token detected! Stopping generation at step 23
18:16:01 kald single k=1 t1 'føl': 6.5 s for 0.88 s lyd
18:16:01   name.baby.horse t1: 0.40 s (forhold 1.27) -18.0 LUFS, none: 'None' CER None (None) → ok
18:16:03 ✅ EOS token detected! Stopping generation at step 27
18:16:08 kald single k=1 t1 'ugleunge': 7.2 s for 1.04 s lyd
18:16:09   name.baby.owl t1: 0.63 s (forhold 0.67) -18.0 LUFS, none: 'None' CER None (None) → ok
18:16:11 ✅ EOS token detected! Stopping generation at step 28
18:16:16 kald single k=1 t1 'egernunge': 7.0 s for 1.08 s lyd
18:16:16   name.baby.squirrel t1: 0.69 s (forhold 0.55) -18.0 LUFS, none: 'None' CER None (None) → ok
18:16:19 ✅ EOS token detected! Stopping generation at step 42
18:16:25 kald single k=1 t1 'enhjørningeføl': 8.8 s for 1.64 s lyd
18:16:25   name.breed.foal t1: 1.03 s (forhold 0.66) -18.0 LUFS, none: 'None' CER None (None) → ok
18:16:26 forcing EOS token, long_tail=tensor(True), alignment_repetition=tensor(False), token_repetition=False
18:16:26 ✅ EOS token detected! Stopping generation at step 21
18:16:31 kald single k=1 t2 'polar': 6.4 s for 0.80 s lyd
18:16:31   name.color.fox.c2 t2: 0.18 s (forhold 0.29) -18.0 LUFS, none: 'None' CER None (None) → FEJL varighed
18:16:33 ✅ EOS token detected! Stopping generation at step 22
18:16:38 kald single k=1 t1 'sølv': 6.5 s for 0.84 s lyd
18:16:38   name.color.fox.c3 t1: 0.34 s (forhold 1.08) -18.0 LUFS, none: 'None' CER None (None) → ok
18:16:40 ✅ EOS token detected! Stopping generation at step 23
18:16:45 kald single k=1 t1 'guldrød': 6.6 s for 0.88 s lyd
18:16:45   name.color.fox.c5 t1: 0.43 s (forhold 0.68) -18.0 LUFS, none: 'None' CER None (None) → ok
18:16:48 forcing EOS token, long_tail=tensor(True), alignment_repetition=tensor(False), token_repetition=False
18:16:48 ✅ EOS token detected! Stopping generation at step 35
18:16:53 kald single k=1 t1 'abrikos': 8.2 s for 1.36 s lyd
18:16:53   name.color.hamster.c1 t1: 0.83 s (forhold 0.88) -18.09 LUFS, none: 'None' CER None (None) → ok
18:16:56 forcing EOS token, long_tail=tensor(True), alignment_repetition=tensor(False), token_repetition=False
18:16:56 ✅ EOS token detected! Stopping generation at step 27
18:17:01 kald single k=1 t1 'fuks': 7.0 s for 1.04 s lyd
18:17:01   name.color.horse.c1 t1: 0.52 s (forhold 1.66) -18.0 LUFS, none: 'None' CER None (None) → ok
18:17:03 forcing EOS token, long_tail=tensor(True), alignment_repetition=tensor(False), token_repetition=False
18:17:03 ✅ EOS token detected! Stopping generation at step 25
18:17:07 kald single k=1 t1 'broget': 6.8 s for 0.96 s lyd
18:17:08   name.color.horse.c5 t1: 0.34 s (forhold 0.55) -18.0 LUFS, none: 'None' CER None (None) → ok
18:17:09 ✅ EOS token detected! Stopping generation at step 24
18:17:14 kald single k=1 t1 'mint': 6.6 s for 0.92 s lyd
18:17:15   name.color.unicorn.c4 t1: 0.51 s (forhold 1.63) -18.06 LUFS, none: 'None' CER None (None) → ok
18:17:17 ✅ EOS token detected! Stopping generation at step 26
18:17:22 kald single k=1 t1 'himmelblå': 7.0 s for 1.00 s lyd
18:17:22   name.color.unicorn.c5 t1: 0.58 s (forhold 0.62) -18.0 LUFS, none: 'None' CER None (None) → ok
18:17:24 ✅ EOS token detected! Stopping generation at step 32
18:17:29 kald single k=1 t1 'Blomsterbed': 7.7 s for 1.24 s lyd
18:17:30   name.decor.pynt-blomsterbed t1: 0.63 s (forhold 0.67) -18.0 LUFS, none: 'None' CER None (None) → ok
18:17:32 ✅ EOS token detected! Stopping generation at step 26
18:17:37 kald single k=1 t1 'Andedam': 6.9 s for 1.00 s lyd
18:17:37   name.decor.pynt-dam t1: 0.46 s (forhold 0.49) -18.11 LUFS, none: 'None' CER None (None) → ok
18:17:39 forcing EOS token, long_tail=tensor(True), alignment_repetition=tensor(False), token_repetition=False
18:17:39 ✅ EOS token detected! Stopping generation at step 31
18:17:44 kald single k=1 t1 'Festvest': 7.4 s for 1.20 s lyd
18:17:44   name.item.fest-body t1: 0.73 s (forhold 1.17) -18.16 LUFS, none: 'None' CER None (None) → ok
18:17:47 forcing EOS token, long_tail=tensor(True), alignment_repetition=tensor(False), token_repetition=False
18:17:47 ✅ EOS token detected! Stopping generation at step 31
18:17:52 kald single k=1 t1 'Festhat': 7.1 s for 1.20 s lyd
18:17:52   name.item.fest-head t1: 0.42 s (forhold 0.68) -18.0 LUFS, none: 'None' CER None (None) → ok
18:17:54 ✅ EOS token detected! Stopping generation at step 26
18:17:59 kald single k=1 t1 'Butterfly': 6.8 s for 1.00 s lyd
18:17:59   name.item.fest-neck t1: 0.49 s (forhold 0.53) -18.08 LUFS, none: 'None' CER None (None) → ok
18:18:01 ✅ EOS token detected! Stopping generation at step 31
18:18:06 kald single k=1 t1 'Kongekåbe': 7.5 s for 1.20 s lyd
18:18:07   name.item.kongelig-back t1: 0.82 s (forhold 0.66) -18.03 LUFS, none: 'None' CER None (None) → ok
18:18:09 ✅ EOS token detected! Stopping generation at step 32
18:18:14 kald single k=1 t1 'Monokel': 7.6 s for 1.24 s lyd
18:18:14   name.item.kongelig-face t1: 0.67 s (forhold 0.71) -18.0 LUFS, none: 'None' CER None (None) → ok
18:18:17 ✅ EOS token detected! Stopping generation at step 34
18:18:22 kald single k=1 t1 'Ridderkappe': 7.7 s for 1.32 s lyd
18:18:22   name.item.ridder-back t1: 0.74 s (forhold 0.60) -18.04 LUFS, none: 'None' CER None (None) → ok
18:18:24 ✅ EOS token detected! Stopping generation at step 27
18:18:29 kald single k=1 t1 'Ridejakke': 6.8 s for 1.04 s lyd
18:18:29   name.item.rytter-body t1: 0.67 s (forhold 0.53) -18.14 LUFS, none: 'None' CER None (None) → ok
18:18:32 ✅ EOS token detected! Stopping generation at step 34
18:18:37 kald single k=1 t1 'Støvbriller': 7.5 s for 1.32 s lyd
18:18:37   name.item.rytter-face t1: 0.68 s (forhold 0.72) -18.0 LUFS, none: 'None' CER None (None) → ok
18:18:39 ✅ EOS token detected! Stopping generation at step 24
18:18:44 kald single k=1 t1 'Gulerod': 6.5 s for 0.92 s lyd
18:18:44   name.item.rytter-hand t1: 0.45 s (forhold 0.48) -18.0 LUFS, none: 'None' CER None (None) → ok
18:18:46 ✅ EOS token detected! Stopping generation at step 28
18:18:51 kald single k=1 t1 'Ridehjelm': 7.0 s for 1.08 s lyd
18:18:51   name.item.rytter-head t1: 0.62 s (forhold 0.67) -18.0 LUFS, none: 'None' CER None (None) → ok
18:18:54 ✅ EOS token detected! Stopping generation at step 42
18:19:00 kald single k=1 t1 'Tryllekjortel': 8.6 s for 1.64 s lyd
18:19:00   name.item.talmagiker-body t1: 0.86 s (forhold 0.69) -18.0 LUFS, none: 'None' CER None (None) → ok
18:19:03 ✅ EOS token detected! Stopping generation at step 39
18:19:08 kald single k=1 t1 'Talamulet': 7.9 s for 1.52 s lyd
18:19:08   name.item.talmagiker-neck t1: 0.73 s (forhold 0.59) -18.1 LUFS, none: 'None' CER None (None) → ok
18:19:11 ✅ EOS token detected! Stopping generation at step 39
18:19:16 kald single k=1 t1 'Pelshue': 7.9 s for 1.52 s lyd
18:19:16   name.item.vinter-head t1: 0.67 s (forhold 0.72) -18.0 LUFS, none: 'None' CER None (None) → ok
18:19:19 forcing EOS token, long_tail=tensor(True), alignment_repetition=tensor(False), token_repetition=False
18:19:19 ✅ EOS token detected! Stopping generation at step 43
18:19:25 kald single k=1 t1 'Dobbeltdalen': 8.7 s for 1.68 s lyd
18:19:25   name.region.w1-dobbelt t1: 0.93 s (forhold 0.74) -18.15 LUFS, none: 'None' CER None (None) → ok
18:19:28 ✅ EOS token detected! Stopping generation at step 39
18:19:33 kald single k=1 t1 'Hundredemarken': 7.9 s for 1.52 s lyd
18:19:33   name.region.w1-tal100 t1: 0.86 s (forhold 0.55) -18.0 LUFS, none: 'None' CER None (None) → ok
18:19:36 ✅ EOS token detected! Stopping generation at step 34
18:19:41 kald single k=1 t1 'Tyvebroen': 7.4 s for 1.32 s lyd
18:19:41   name.region.w1-tieren t1: 0.69 s (forhold 0.56) -18.0 LUFS, none: 'None' CER None (None) → ok
18:19:44 ✅ EOS token detected! Stopping generation at step 39
18:19:49 kald single k=1 t1 'Gangegrotten': 7.7 s for 1.52 s lyd
18:19:49   name.region.w2-gange t1: 0.79 s (forhold 0.63) -18.19 LUFS, none: 'None' CER None (None) → ok
18:19:52 ✅ EOS token detected! Stopping generation at step 36
18:19:57 kald single k=1 t1 'Hundredebroen': 7.7 s for 1.40 s lyd
18:19:57   name.region.w2-hundreder t1: 0.81 s (forhold 0.52) -18.0 LUFS, none: 'None' CER None (None) → ok
18:20:00 ✅ EOS token detected! Stopping generation at step 41
18:20:05 kald single k=1 t1 'Linealstien': 8.3 s for 1.60 s lyd
18:20:05   name.region.w2-maal-data t1: 0.98 s (forhold 0.63) -18.0 LUFS, none: 'None' CER None (None) → ok
18:20:07 ✅ EOS token detected! Stopping generation at step 21
18:20:11 kald single k=1 t1 'Ræv': 6.0 s for 0.80 s lyd
18:20:12   name.species.fox t1: 0.39 s (forhold 1.25) -18.0 LUFS, none: 'None' CER None (None) → ok
18:20:14 ✅ EOS token detected! Stopping generation at step 24
18:20:18 kald single k=1 t1 'Ugle': 6.6 s for 0.92 s lyd
18:20:18   name.species.owl t1: 0.39 s (forhold 0.62) -18.0 LUFS, none: 'None' CER None (None) → ok
18:20:20 ✅ EOS token detected! Stopping generation at step 27
18:20:25 kald single k=1 t1 'Enhjørning': 6.9 s for 1.04 s lyd
18:20:26   name.species.unicorn t1: 0.73 s (forhold 0.78) -18.0 LUFS, none: 'None' CER None (None) → ok
18:20:28 ✅ EOS token detected! Stopping generation at step 30
18:20:33 kald single k=1 t1 'enkronen.': 7.3 s for 1.16 s lyd
18:20:33   noun.coin.100.def.end t1: 0.88 s (forhold 0.93) -18.0 LUFS, none: 'None' CER None (None) → ok
18:20:36 ✅ EOS token detected! Stopping generation at step 36
18:20:41 kald single k=1 t1 'enkronen,': 7.9 s for 1.40 s lyd
18:20:41   noun.coin.100.def.mid t1: 0.91 s (forhold 0.96) -18.0 LUFS, none: 'None' CER None (None) → ok
18:20:44 ✅ EOS token detected! Stopping generation at step 35
18:20:49 kald single k=1 t1 'en enkrone,': 7.8 s for 1.36 s lyd
18:20:49   noun.coin.100.indef.mid t1: 0.77 s (forhold 0.62) -18.0 LUFS, none: 'None' CER None (None) → ok
18:20:52 ✅ EOS token detected! Stopping generation at step 32
18:20:57 kald single k=1 t1 'enkroner.': 7.6 s for 1.24 s lyd
18:20:57   noun.coin.100.pl.end t1: 0.65 s (forhold 0.70) -18.0 LUFS, none: 'None' CER None (None) → ok
18:20:59 ✅ EOS token detected! Stopping generation at step 31
18:21:05 kald single k=1 t1 'enkroner,': 7.5 s for 1.20 s lyd
18:21:05   noun.coin.100.pl.mid t1: 0.62 s (forhold 0.66) -18.0 LUFS, none: 'None' CER None (None) → ok
18:21:07 ✅ EOS token detected! Stopping generation at step 35
18:21:12 kald single k=1 t1 'tikronen.': 7.8 s for 1.36 s lyd
18:21:13   noun.coin.1000.def.end t1: 0.86 s (forhold 0.92) -18.0 LUFS, none: 'None' CER None (None) → ok
18:21:15 ✅ EOS token detected! Stopping generation at step 36
18:21:21 kald single k=1 t1 'en tikrone,': 7.8 s for 1.40 s lyd
18:21:21   noun.coin.1000.indef.mid t1: 0.82 s (forhold 0.65) -18.0 LUFS, none: 'None' CER None (None) → ok
18:21:24 ✅ EOS token detected! Stopping generation at step 49
18:21:30 kald single k=1 t1 'hundredkronesedlen.': 9.3 s for 1.92 s lyd
18:21:30   noun.coin.10000.def.end t1: 1.17 s (forhold 0.62) -18.0 LUFS, none: 'None' CER None (None) → ok
18:21:34 ✅ EOS token detected! Stopping generation at step 45
18:21:39 kald single k=1 t1 'hundredkronesedlen,': 8.7 s for 1.76 s lyd
18:21:39   noun.coin.10000.def.mid t1: 1.11 s (forhold 0.59) -18.0 LUFS, none: 'None' CER None (None) → ok
18:21:43 ✅ EOS token detected! Stopping generation at step 47
18:21:48 kald single k=1 t1 'en hundredkroneseddel,': 9.0 s for 1.84 s lyd
18:21:49   noun.coin.10000.indef.mid t1: 1.28 s (forhold 0.59) -18.0 LUFS, none: 'None' CER None (None) → ok
18:21:52 ✅ EOS token detected! Stopping generation at step 48
18:21:58 kald single k=1 t1 'hundredkronesedler.': 9.1 s for 1.88 s lyd
18:21:58   noun.coin.10000.pl.end t1: 1.12 s (forhold 0.60) -18.0 LUFS, none: 'None' CER None (None) → ok
18:22:01 ✅ EOS token detected! Stopping generation at step 43
18:22:07 kald single k=1 t1 'hundredkronesedler,': 8.9 s for 1.68 s lyd
18:22:07   noun.coin.10000.pl.mid t1: 1.11 s (forhold 0.59) -18.0 LUFS, none: 'None' CER None (None) → ok
18:22:10 ✅ EOS token detected! Stopping generation at step 37
18:22:15 kald single k=1 t1 'tokronen.': 7.9 s for 1.44 s lyd
18:22:15   noun.coin.200.def.end t1: 0.81 s (forhold 0.87) -18.0 LUFS, none: 'None' CER None (None) → ok
18:22:18 ✅ EOS token detected! Stopping generation at step 33
18:22:23 kald single k=1 t1 'tokroner.': 7.7 s for 1.28 s lyd
18:22:23   noun.coin.200.pl.end t1: 0.58 s (forhold 0.62) -18.0 LUFS, none: 'None' CER None (None) → ok
18:22:25 ✅ EOS token detected! Stopping generation at step 32
18:22:30 kald single k=1 t1 'tokroner,': 7.3 s for 1.24 s lyd
18:22:31   noun.coin.200.pl.mid t1: 0.61 s (forhold 0.66) -18.0 LUFS, none: 'None' CER None (None) → ok
18:22:34 ✅ EOS token detected! Stopping generation at step 43
18:22:39 kald single k=1 t1 'tyvekronen.': 8.5 s for 1.68 s lyd
18:22:39   noun.coin.2000.def.end t1: 0.85 s (forhold 0.68) -18.0 LUFS, none: 'None' CER None (None) → ok
18:22:42 ✅ EOS token detected! Stopping generation at step 29
18:22:46 kald single k=1 t1 'tyvekronen,': 7.1 s for 1.12 s lyd
18:22:47   noun.coin.2000.def.mid t1: 0.83 s (forhold 0.67) -18.0 LUFS, none: 'None' CER None (None) → ok
18:22:50 ✅ EOS token detected! Stopping generation at step 40
18:22:55 kald single k=1 t1 'tyvekroner.': 8.4 s for 1.56 s lyd
18:22:55   noun.coin.2000.pl.end t1: 0.77 s (forhold 0.61) -18.0 LUFS, none: 'None' CER None (None) → ok
18:22:58 ✅ EOS token detected! Stopping generation at step 37
18:23:03 kald single k=1 t1 'tyvekroner,': 8.0 s for 1.44 s lyd
18:23:04   noun.coin.2000.pl.mid t1: 0.71 s (forhold 0.57) -18.0 LUFS, none: 'None' CER None (None) → ok
18:23:07 ✅ EOS token detected! Stopping generation at step 53
18:23:13 kald single k=1 t1 'tohundredkronesedlen.': 9.2 s for 2.08 s lyd
18:23:13   noun.coin.20000.def.end t1: 1.39 s (forhold 0.63) -18.0 LUFS, none: 'None' CER None (None) → ok
18:23:17 ✅ EOS token detected! Stopping generation at step 55
18:23:22 kald single k=1 t1 'tohundredkronesedlen,': 9.4 s for 2.16 s lyd
18:23:23   noun.coin.20000.def.mid t1: 1.39 s (forhold 0.63) -18.15 LUFS, none: 'None' CER None (None) → ok
18:23:27 ✅ EOS token detected! Stopping generation at step 54
18:23:33 kald single k=1 t1 'en tohundredkroneseddel,': 9.7 s for 2.12 s lyd
18:23:33   noun.coin.20000.indef.mid t1: 1.43 s (forhold 0.57) -18.0 LUFS, none: 'None' CER None (None) → ok
18:23:36 ✅ EOS token detected! Stopping generation at step 49
18:23:42 kald single k=1 t1 'tohundredkronesedler.': 9.0 s for 1.92 s lyd
18:23:42   noun.coin.20000.pl.end t1: 1.33 s (forhold 0.61) -18.07 LUFS, none: 'None' CER None (None) → ok
18:23:45 ✅ EOS token detected! Stopping generation at step 46
18:23:51 kald single k=1 t1 'tohundredkronesedler,': 8.7 s for 1.80 s lyd
18:23:51   noun.coin.20000.pl.mid t1: 1.20 s (forhold 0.55) -18.0 LUFS, none: 'None' CER None (None) → ok
18:23:54 ✅ EOS token detected! Stopping generation at step 42
18:24:00 kald single k=1 t1 'halvtredsøren.': 8.6 s for 1.64 s lyd
18:24:00   noun.coin.50.def.end t1: 0.84 s (forhold 0.67) -18.0 LUFS, none: 'None' CER None (None) → ok
18:24:03 ✅ EOS token detected! Stopping generation at step 40
18:24:08 kald single k=1 t1 'halvtredsøren,': 8.3 s for 1.56 s lyd
18:24:08   noun.coin.50.def.mid t1: 0.87 s (forhold 0.70) -18.0 LUFS, none: 'None' CER None (None) → ok
18:24:11 ✅ EOS token detected! Stopping generation at step 39
18:24:16 kald single k=1 t1 'en halvtredsøre,': 7.9 s for 1.52 s lyd
18:24:17   noun.coin.50.indef.mid t1: 0.92 s (forhold 0.59) -18.0 LUFS, none: 'None' CER None (None) → ok
18:24:19 ✅ EOS token detected! Stopping generation at step 38
18:24:24 kald single k=1 t1 'halvtredsører.': 7.8 s for 1.48 s lyd
18:24:25   noun.coin.50.pl.end t1: 0.82 s (forhold 0.66) -18.0 LUFS, none: 'None' CER None (None) → ok
18:24:27 ✅ EOS token detected! Stopping generation at step 36
18:24:32 kald single k=1 t1 'halvtredsører,': 7.8 s for 1.40 s lyd
18:24:33   noun.coin.50.pl.mid t1: 0.75 s (forhold 0.60) -18.0 LUFS, none: 'None' CER None (None) → ok
18:24:36 ✅ EOS token detected! Stopping generation at step 39
18:24:40 kald single k=1 t1 'femkronen,': 7.8 s for 1.52 s lyd
18:24:41   noun.coin.500.def.mid t1: 0.90 s (forhold 0.95) -18.05 LUFS, none: 'None' CER None (None) → ok
18:24:43 ✅ EOS token detected! Stopping generation at step 36
18:24:49 kald single k=1 t1 'femkroner.': 7.8 s for 1.40 s lyd
18:24:49   noun.coin.500.pl.end t1: 0.69 s (forhold 0.74) -18.11 LUFS, none: 'None' CER None (None) → ok
18:24:51 ✅ EOS token detected! Stopping generation at step 34
18:24:56 kald single k=1 t1 'femkroner,': 7.4 s for 1.32 s lyd
18:24:57   noun.coin.500.pl.mid t1: 0.78 s (forhold 0.83) -18.12 LUFS, none: 'None' CER None (None) → ok
18:25:00 ✅ EOS token detected! Stopping generation at step 45
18:25:05 kald single k=1 t1 'halvtredskronesedlen.': 8.7 s for 1.76 s lyd
18:25:06   noun.coin.5000.def.end t1: 1.14 s (forhold 0.61) -18.0 LUFS, none: 'None' CER None (None) → ok
18:25:09 ✅ EOS token detected! Stopping generation at step 47
18:25:15 kald single k=1 t1 'halvtredskronesedlen,': 9.0 s for 1.84 s lyd
18:25:15   noun.coin.5000.def.mid t1: 1.18 s (forhold 0.63) -18.0 LUFS, none: 'None' CER None (None) → ok
18:25:18 ✅ EOS token detected! Stopping generation at step 46
18:25:24 kald single k=1 t1 'en halvtredskroneseddel,': 9.0 s for 1.80 s lyd
18:25:24   noun.coin.5000.indef.mid t1: 1.28 s (forhold 0.58) -18.0 LUFS, none: 'None' CER None (None) → ok
18:25:28 ✅ EOS token detected! Stopping generation at step 51
18:25:34 kald single k=1 t1 'halvtredskronesedler.': 9.6 s for 2.00 s lyd
18:25:34   noun.coin.5000.pl.end t1: 1.30 s (forhold 0.69) -18.0 LUFS, none: 'None' CER None (None) → ok
18:25:38 ✅ EOS token detected! Stopping generation at step 51
18:25:44 kald single k=1 t1 'halvtredskronesedler,': 9.6 s for 2.00 s lyd
18:25:44   noun.coin.5000.pl.mid t1: 1.23 s (forhold 0.65) -18.0 LUFS, none: 'None' CER None (None) → ok
18:25:48 ✅ EOS token detected! Stopping generation at step 49
18:25:53 kald single k=1 t1 'femhundredkronesedlen.': 9.3 s for 1.92 s lyd
18:25:54   noun.coin.50000.def.end t1: 1.36 s (forhold 0.62) -18.03 LUFS, none: 'None' CER None (None) → ok
18:25:57 ✅ EOS token detected! Stopping generation at step 49
18:26:03 kald single k=1 t1 'femhundredkronesedlen,': 9.5 s for 1.92 s lyd
18:26:03   noun.coin.50000.def.mid t1: 1.33 s (forhold 0.61) -18.04 LUFS, none: 'None' CER None (None) → ok
18:26:07 ✅ EOS token detected! Stopping generation at step 49
18:26:13 kald single k=1 t1 'en femhundredkroneseddel,': 9.4 s for 1.92 s lyd
18:26:13   noun.coin.50000.indef.mid t1: 1.34 s (forhold 0.54) -18.08 LUFS, none: 'None' CER None (None) → ok
18:26:17 ✅ EOS token detected! Stopping generation at step 46
18:26:22 kald single k=1 t1 'femhundredkronesedler.': 8.8 s for 1.80 s lyd
18:26:22   noun.coin.50000.pl.end t1: 1.29 s (forhold 0.59) -18.15 LUFS, none: 'None' CER None (None) → ok
18:26:26 ✅ EOS token detected! Stopping generation at step 51
18:26:32 kald single k=1 t1 'femhundredkronesedler,': 9.3 s for 2.00 s lyd
18:26:32   noun.coin.50000.pl.mid t1: 1.34 s (forhold 0.61) -18.0 LUFS, none: 'None' CER None (None) → ok
18:26:34 ✅ EOS token detected! Stopping generation at step 30
18:26:39 kald single k=1 t1 'nullet,': 7.3 s for 1.16 s lyd
18:26:39   noun.digit.0.mid t1: 0.46 s (forhold 0.74) -18.0 LUFS, none: 'None' CER None (None) → ok
18:26:42 ✅ EOS token detected! Stopping generation at step 38
18:26:47 kald single k=1 t1 'ettallet.': 8.0 s for 1.48 s lyd
18:26:48   noun.digit.1.end t1: 0.84 s (forhold 0.89) -18.0 LUFS, none: 'None' CER None (None) → ok
18:26:50 ✅ EOS token detected! Stopping generation at step 31
18:26:55 kald single k=1 t1 'ettallet,': 7.3 s for 1.20 s lyd
18:26:55   noun.digit.1.mid t1: 0.67 s (forhold 0.71) -18.0 LUFS, none: 'None' CER None (None) → ok
18:26:57 ✅ EOS token detected! Stopping generation at step 26
18:27:02 kald single k=1 t1 'totallet.': 7.1 s for 1.00 s lyd
18:27:02   noun.digit.2.end t1: 0.57 s (forhold 0.61) -18.0 LUFS, none: 'None' CER None (None) → ok
18:27:05 ✅ EOS token detected! Stopping generation at step 32
18:27:10 kald single k=1 t1 'firetallet,': 7.3 s for 1.24 s lyd
18:27:10   noun.digit.4.mid t1: 0.64 s (forhold 0.51) -18.09 LUFS, none: 'None' CER None (None) → ok
18:27:12 ✅ EOS token detected! Stopping generation at step 24
18:27:17 kald single k=1 t1 'syvtallet.': 6.7 s for 0.92 s lyd
18:27:17   noun.digit.7.end t1: 0.64 s (forhold 0.68) -18.0 LUFS, none: 'None' CER None (None) → ok
18:27:19 ✅ EOS token detected! Stopping generation at step 29
18:27:24 kald single k=1 t1 'nitallet.': 6.9 s for 1.12 s lyd
18:27:24   noun.digit.9.end t1: 0.64 s (forhold 0.68) -18.0 LUFS, none: 'None' CER None (None) → ok
18:27:26 ✅ EOS token detected! Stopping generation at step 32
18:27:31 kald single k=1 t1 'nitallet,': 7.3 s for 1.24 s lyd
18:27:32   noun.digit.9.mid t1: 0.60 s (forhold 0.64) -18.15 LUFS, none: 'None' CER None (None) → ok
18:27:34 ✅ EOS token detected! Stopping generation at step 25
18:27:38 kald single k=1 t1 'en kam,': 6.8 s for 0.96 s lyd
18:27:39   noun.mt.comb t1: 0.54 s (forhold 0.87) -18.14 LUFS, none: 'None' CER None (None) → ok
18:27:41 ✅ EOS token detected! Stopping generation at step 31
18:27:46 kald single k=1 t1 'en gaffel,': 7.2 s for 1.20 s lyd
18:27:46   noun.mt.fork t1: 0.78 s (forhold 0.83) -18.0 LUFS, none: 'None' CER None (None) → ok
18:27:48 ✅ EOS token detected! Stopping generation at step 23
18:27:53 kald single k=1 t1 'en hval,': 6.6 s for 0.88 s lyd
18:27:53   noun.mt.whale t1: 0.52 s (forhold 0.83) -18.0 LUFS, none: 'None' CER None (None) → ok
18:27:55 ✅ EOS token detected! Stopping generation at step 27
18:28:00 kald single k=1 t1 'hundreder.': 6.8 s for 1.04 s lyd
18:28:00   noun.place.h.pl.end t1: 0.56 s (forhold 0.60) -18.0 LUFS, none: 'None' CER None (None) → ok
18:28:02 ✅ EOS token detected! Stopping generation at step 29
18:28:07 kald single k=1 t1 'hundreder,': 6.7 s for 1.12 s lyd
18:28:07   noun.place.h.pl.mid t1: 0.52 s (forhold 0.55) -18.0 LUFS, none: 'None' CER None (None) → ok
18:28:09 ✅ EOS token detected! Stopping generation at step 32
18:28:14 kald single k=1 t1 'hundrede.': 7.2 s for 1.24 s lyd
18:28:14   noun.place.h.sg.end t1: 0.59 s (forhold 0.63) -18.0 LUFS, none: 'None' CER None (None) → ok
18:28:16 ✅ EOS token detected! Stopping generation at step 25
18:28:21 kald single k=1 t1 'hundrede,': 6.5 s for 0.96 s lyd
18:28:21   noun.place.h.sg.mid t1: 0.61 s (forhold 0.65) -18.0 LUFS, none: 'None' CER None (None) → ok
18:28:23 ✅ EOS token detected! Stopping generation at step 32
18:28:28 kald single k=1 t1 'enere,': 7.2 s for 1.24 s lyd
18:28:28   noun.place.o.pl.mid t1: 0.56 s (forhold 0.60) -18.0 LUFS, none: 'None' CER None (None) → ok
18:28:30 forcing EOS token, long_tail=tensor(True), alignment_repetition=tensor(False), token_repetition=False
18:28:30 ✅ EOS token detected! Stopping generation at step 20
18:28:35 kald single k=1 t2 'tiere.': 6.5 s for 0.76 s lyd
18:28:35   noun.place.t.pl.end t2: 0.13 s (forhold 0.14) -18.0 LUFS, none: 'None' CER None (None) → FEJL varighed
18:28:37 forcing EOS token, long_tail=tensor(True), alignment_repetition=tensor(False), token_repetition=False
18:28:37 ✅ EOS token detected! Stopping generation at step 21
18:28:41 kald single k=1 t1 'tier.': 6.2 s for 0.80 s lyd
18:28:42   noun.place.t.sg.end t1: 0.62 s (forhold 0.99) -18.93 LUFS, none: 'None' CER None (None) → ok
18:28:44 forcing EOS token, long_tail=tensor(True), alignment_repetition=tensor(False), token_repetition=False
18:28:44 ✅ EOS token detected! Stopping generation at step 38
18:28:50 kald single k=1 t1 'en sekskant,': 8.0 s for 1.48 s lyd
18:28:50   noun.shape.hexagon.indef.mid t1: 0.86 s (forhold 0.92) -18.09 LUFS, none: 'None' CER None (None) → ok
18:28:52 ✅ EOS token detected! Stopping generation at step 28
18:28:57 kald single k=1 t1 'sekskanter.': 7.3 s for 1.08 s lyd
18:28:57   noun.shape.hexagon.pl.end t1: 0.76 s (forhold 0.81) -18.09 LUFS, none: 'None' CER None (None) → ok
18:29:00 ✅ EOS token detected! Stopping generation at step 29
18:29:04 kald single k=1 t1 'sekskanter,': 7.0 s for 1.12 s lyd
18:29:05   noun.shape.hexagon.pl.mid t1: 0.81 s (forhold 0.86) -18.03 LUFS, none: 'None' CER None (None) → ok
18:29:07 ✅ EOS token detected! Stopping generation at step 36
18:29:12 kald single k=1 t1 'ottekanter.': 7.8 s for 1.40 s lyd
18:29:13   noun.shape.octagon.pl.end t1: 0.79 s (forhold 0.63) -18.0 LUFS, none: 'None' CER None (None) → ok
18:29:15 ✅ EOS token detected! Stopping generation at step 34
18:29:20 kald single k=1 t1 'ottekanter,': 7.5 s for 1.32 s lyd
18:29:20   noun.shape.octagon.pl.mid t1: 0.79 s (forhold 0.63) -18.0 LUFS, none: 'None' CER None (None) → ok
18:29:23 ✅ EOS token detected! Stopping generation at step 32
18:29:28 kald single k=1 t1 'femkanter.': 7.2 s for 1.24 s lyd
18:29:28   noun.shape.pentagon.pl.end t1: 0.72 s (forhold 0.77) -18.12 LUFS, none: 'None' CER None (None) → ok
18:29:30 ✅ EOS token detected! Stopping generation at step 34
18:29:35 kald single k=1 t1 'femkanter,': 7.6 s for 1.32 s lyd
18:29:36   noun.shape.pentagon.pl.mid t1: 0.70 s (forhold 0.74) -18.0 LUFS, none: 'None' CER None (None) → ok
18:29:39 ✅ EOS token detected! Stopping generation at step 43
18:29:44 kald single k=1 t1 'et rektangel,': 8.6 s for 1.68 s lyd
18:29:45   noun.shape.rectangle.indef.mid t1: 1.04 s (forhold 0.84) -18.03 LUFS, none: 'None' CER None (None) → ok
18:29:47 ✅ EOS token detected! Stopping generation at step 25
18:29:51 kald single k=1 t1 'romben.': 6.6 s for 0.96 s lyd
18:29:52   noun.shape.rhombus.def.end t1: 0.53 s (forhold 0.85) -18.12 LUFS, none: 'None' CER None (None) → ok
18:29:53 ✅ EOS token detected! Stopping generation at step 25
18:29:58 kald single k=1 t1 'romben,': 6.6 s for 0.96 s lyd
18:29:58   noun.shape.rhombus.def.mid t1: 0.54 s (forhold 0.86) -18.0 LUFS, none: 'None' CER None (None) → ok
18:30:01 ✅ EOS token detected! Stopping generation at step 29
18:30:05 kald single k=1 t1 'en rombe.': 6.7 s for 1.12 s lyd
18:30:05   noun.shape.rhombus.indef.end t1: 0.60 s (forhold 0.64) -18.06 LUFS, none: 'None' CER None (None) → ok
18:30:08 ✅ EOS token detected! Stopping generation at step 32
18:30:13 kald single k=1 t1 'en rombe,': 7.3 s for 1.24 s lyd
18:30:13   noun.shape.rhombus.indef.mid t1: 0.65 s (forhold 0.69) -18.05 LUFS, none: 'None' CER None (None) → ok
18:30:15 ✅ EOS token detected! Stopping generation at step 25
18:30:19 kald single k=1 t1 'romber.': 6.6 s for 0.96 s lyd
18:30:20   noun.shape.rhombus.pl.end t1: 0.41 s (forhold 0.65) -18.03 LUFS, none: 'None' CER None (None) → ok
18:30:21 ✅ EOS token detected! Stopping generation at step 23
18:30:26 kald single k=1 t1 'romber,': 6.4 s for 0.88 s lyd
18:30:26   noun.shape.rhombus.pl.mid t1: 0.47 s (forhold 0.76) -18.0 LUFS, none: 'None' CER None (None) → ok
18:30:28 ✅ EOS token detected! Stopping generation at step 30
18:30:34 kald single k=1 t1 'halvcirklen.': 7.5 s for 1.16 s lyd
18:30:34   noun.shape.semicircle.def.end t1: 0.79 s (forhold 0.84) -18.02 LUFS, none: 'None' CER None (None) → ok
18:30:37 ✅ EOS token detected! Stopping generation at step 38
18:30:42 kald single k=1 t1 'en halvcirkel,': 7.8 s for 1.48 s lyd
18:30:42   noun.shape.semicircle.indef.mid t1: 0.85 s (forhold 0.68) -18.0 LUFS, none: 'None' CER None (None) → ok
18:30:44 ✅ EOS token detected! Stopping generation at step 36
18:30:49 kald single k=1 t1 'trapezet.': 7.6 s for 1.40 s lyd
18:30:50   noun.shape.trapezoid.def.end t1: 0.69 s (forhold 0.74) -18.19 LUFS, none: 'None' CER None (None) → ok
18:30:52 ✅ EOS token detected! Stopping generation at step 35
18:30:57 kald single k=1 t1 'trapezet,': 7.8 s for 1.36 s lyd
18:30:58   noun.shape.trapezoid.def.mid t1: 0.68 s (forhold 0.72) -18.09 LUFS, none: 'None' CER None (None) → ok
18:31:01 forcing EOS token, long_tail=tensor(True), alignment_repetition=tensor(False), token_repetition=False
18:31:01 ✅ EOS token detected! Stopping generation at step 40
18:31:06 kald single k=1 t1 'et trapez,': 8.2 s for 1.56 s lyd
18:31:06   noun.shape.trapezoid.indef.mid t1: 1.07 s (forhold 1.14) -18.06 LUFS, none: 'None' CER None (None) → ok
18:31:09 ✅ EOS token detected! Stopping generation at step 31
18:31:14 kald single k=1 t1 'keglen.': 7.4 s for 1.20 s lyd
18:31:14   noun.solid.cone.def.end t1: 0.63 s (forhold 1.01) -18.11 LUFS, none: 'None' CER None (None) → ok
18:31:17 ✅ EOS token detected! Stopping generation at step 35
18:31:22 kald single k=1 t1 'keglen,': 7.9 s for 1.36 s lyd
18:31:22   noun.solid.cone.def.mid t1: 0.66 s (forhold 1.05) -18.09 LUFS, none: 'None' CER None (None) → ok
18:31:24 ✅ EOS token detected! Stopping generation at step 26
18:31:29 kald single k=1 t1 'kuglen.': 7.0 s for 1.00 s lyd
18:31:29   noun.solid.sphere.def.end t1: 0.61 s (forhold 0.98) -18.0 LUFS, none: 'None' CER None (None) → ok
18:31:32 ✅ EOS token detected! Stopping generation at step 27
18:31:36 kald single k=1 t1 'kuglen,': 7.0 s for 1.04 s lyd
18:31:37   noun.solid.sphere.def.mid t1: 0.60 s (forhold 0.97) -18.0 LUFS, none: 'None' CER None (None) → ok
18:31:39 ✅ EOS token detected! Stopping generation at step 26
18:31:43 kald single k=1 t1 'kugler.': 6.7 s for 1.00 s lyd
18:31:44   noun.solid.sphere.pl.end t1: 0.43 s (forhold 0.70) -18.0 LUFS, none: 'None' CER None (None) → ok
18:31:46 ✅ EOS token detected! Stopping generation at step 29
18:31:50 kald single k=1 t1 'kugler,': 6.8 s for 1.12 s lyd
18:31:51   noun.solid.sphere.pl.mid t1: 0.41 s (forhold 0.65) -18.0 LUFS, none: 'None' CER None (None) → ok
18:31:52 ✅ EOS token detected! Stopping generation at step 21
18:31:57 kald single k=1 t1 'gram.': 6.3 s for 0.80 s lyd
18:31:57   noun.unit.g.end t1: 0.27 s (forhold 0.87) -18.68 LUFS, none: 'None' CER None (None) → ok
18:31:59 ✅ EOS token detected! Stopping generation at step 22
18:32:04 kald single k=1 t1 'gram,': 6.5 s for 0.84 s lyd
18:32:04   noun.unit.g.mid t1: 0.23 s (forhold 0.75) -18.57 LUFS, none: 'None' CER None (None) → ok
18:32:06 ✅ EOS token detected! Stopping generation at step 21
18:32:10 kald single k=1 t1 'krone.': 6.4 s for 0.80 s lyd
18:32:11   noun.unit.krone.end t1: 0.49 s (forhold 0.79) -18.0 LUFS, none: 'None' CER None (None) → ok
18:32:12 ✅ EOS token detected! Stopping generation at step 20
18:32:17 kald single k=1 t1 'krone,': 6.4 s for 0.76 s lyd
18:32:17   noun.unit.krone.mid t1: 0.47 s (forhold 0.75) -18.0 LUFS, none: 'None' CER None (None) → ok
18:32:19 ✅ EOS token detected! Stopping generation at step 24
18:32:24 kald single k=1 t1 'øre,': 6.6 s for 0.92 s lyd
18:32:24   noun.unit.ore.mid t1: 0.40 s (forhold 0.64) -18.13 LUFS, none: 'None' CER None (None) → ok
18:32:26 ✅ EOS token detected! Stopping generation at step 22
18:32:30 kald single k=1 t1 'Farv,': 6.4 s for 0.84 s lyd
18:32:31   s.fractionShape.colour t1: 0.34 s (forhold 1.10) -18.0 LUFS, none: 'None' CER None (None) → ok
18:32:32 ✅ EOS token detected! Stopping generation at step 22
18:32:37 kald single k=1 t1 'Uret,': 6.5 s for 0.84 s lyd
18:32:37   s.kind.clockSet.dial t1: 0.45 s (forhold 0.71) -18.0 LUFS, none: 'None' CER None (None) → ok
18:32:39 ✅ EOS token detected! Stopping generation at step 28
18:32:44 kald single k=1 t1 'Bakken,': 7.2 s for 1.08 s lyd
18:32:45   s.kind.pay.tray t1: 0.36 s (forhold 0.58) -18.17 LUFS, none: 'None' CER None (None) → ok
18:32:47 ✅ EOS token detected! Stopping generation at step 29
18:32:52 kald single k=1 t1 'Bunken,': 6.8 s for 1.12 s lyd
18:32:52   s.kind.share.pile t1: 0.49 s (forhold 0.79) -18.14 LUFS, none: 'None' CER None (None) → ok
18:32:53 ✅ EOS token detected! Stopping generation at step 18
18:32:58 kald single k=1 t1 'Del,': 6.1 s for 0.68 s lyd
18:32:58   s.shareEqually.share t1: 0.33 s (forhold 1.05) -18.15 LUFS, none: 'None' CER None (None) → ok
18:32:58 sammensætning runde 1: 306 af 457 bestået
18:33:01   sammensat frag.betal + n.end.5: 'betag 5' CER 0.125 (wav2vec2, whisper: 'Betag 5') → FEJL
18:33:03   sammensat frag.betal + n.end.4: 'betag 4' CER 0.111 (wav2vec2, whisper: 'Betag 4') → FEJL
18:33:05   sammensat frag.det_er + hint.change.is: 'dr ar' CER 0.571 (wav2vec2, whisper: 'Det er R') → FEJL
18:33:08   sammensat frag.det_er + hint.missingPart10.countTo: 'det er tel op t' CER 0.231 (wav2vec2, whisper: 'Det er tælle op til') → FEJL
18:33:10   sammensat frag.det_er + hint.nl.andGo: 'det er ogs god' CER 0.333 (wav2vec2, whisper: 'Det er at gå') → FEJL
18:33:13   sammensat frag.det_er + hint.nl.forward: 'det er fre' CER 0.111 (wav2vec2, whisper: 'Det er Frejbjerg') → FEJL
18:33:13   sammensat n.mid.7 + hint.nl.liesBetween: '7 ligger mellem' CER 0.000 (wav2vec2) → ok
18:33:13   sammensat frag.det_er + hint.order.comes: 'det er kommer' CER 0.000 (wav2vec2) → ok
18:33:16   sammensat frag.det_er + hint.order.tenMoreThan: 'Det er 10 mere end' CER 0.000 (whisper, wav2vec2: 'det er t mere end') → ok
18:33:18   sammensat frag.det_er + hint.place.has: 'Det er har' CER 0.000 (whisper, wav2vec2: 'det er a') → ok
18:33:18   sammensat frag.det_er + hint.place.rodIs: 'det er stang er' CER 0.000 (wav2vec2) → ok
18:33:21   sammensat frag.det_er + hint.place.worthEnd: 'det er ver' CER 0.222 (wav2vec2, whisper: 'Det er hver') → FEJL
18:33:21   sammensat frag.det_er + hint.rulerRead.soItIs: 'det er så er den' CER 0.000 (wav2vec2) → ok
18:33:21   sammensat hog.400 + n.end.47: '447a' CER 0.042 (wav2vec2) → ok
18:33:21   sammensat frag.hvad_er + n.mid.7 + op.plus + hog.400 + n.end.25: 'hvad er 7 plus 425' CER 0.000 (wav2vec2) → ok
18:33:22   sammensat hog.700 + n.end.47: 'i747' CER 0.043 (wav2vec2) → ok
18:33:24   sammensat frag.hvad_er + n.mid.7 + op.plus + hog.700 + n.end.25: 'Hvad er 7 plus 725' CER 0.000 (whisper, wav2vec2: 'hvad er plus725') → ok
18:33:24   sammensat hog.800 + n.end.47: '847' CER 0.000 (wav2vec2) → ok
18:33:25   sammensat frag.hvad_er + n.mid.7 + op.plus + hog.800 + n.end.38: 'hvad r 7 plus 838' CER 0.025 (wav2vec2) → ok
18:33:27   sammensat frag.det_er + name.baby.fox: 'det er revehvalp' CER 0.071 (wav2vec2, whisper: 'Det er Rebevalp') → FEJL
18:33:28   sammensat frag.det_er + name.baby.horse: 'det er føl' CER 0.000 (wav2vec2) → ok
18:33:30   sammensat frag.det_er + name.baby.owl: 'det er uleunge' CER 0.077 (wav2vec2, whisper: 'Det er Ole Ung') → FEJL
18:33:33   sammensat frag.det_er + name.baby.squirrel: 'det er igenunge' CER 0.143 (wav2vec2, whisper: 'Det er én unge') → FEJL
18:33:36   sammensat frag.det_er + name.breed.foal: 'det er enhjørninge sø' CER 0.105 (wav2vec2, whisper: 'Det er Enhjørning Fø') → FEJL
18:33:38   sammensat frag.det_er + name.color.fox.c3: 'det er sø' CER 0.222 (wav2vec2, whisper: 'Det er sø') → FEJL
18:33:40   sammensat frag.det_er + name.color.fox.c5: 'det er gulderød' CER 0.083 (wav2vec2, whisper: 'Det er gulerød') → FEJL
18:33:43   sammensat frag.det_er + name.color.hamster.c1: 'det er rapricos' CER 0.250 (wav2vec2, whisper: 'Det er aprikos') → FEJL
18:33:45   sammensat frag.det_er + name.color.horse.c1: 'det er fuxs' CER 0.111 (wav2vec2, whisper: 'Det er Fuchs') → FEJL
18:33:47   sammensat n.mid.7 + name.color.horse.c4: 'y isabel' CER 0.222 (wav2vec2, whisper: '7 Isabelle') → FEJL
18:33:47   master n.mid.7 får skylden i n.mid.7 + name.color.horse.c4; name.color.horse.c4 prøver en anden partner
18:33:50   sammensat frag.det_er + name.color.horse.c5: 'det er broet' CER 0.091 (wav2vec2, whisper: 'Det er bruddet') → FEJL
18:33:52   sammensat frag.det_er + name.color.unicorn.c4: 'det er mindt' CER 0.111 (wav2vec2, whisper: 'Det er ment') → FEJL
18:33:54   sammensat frag.det_er + name.color.unicorn.c5: 'Det er himmelblå' CER 0.000 (whisper, wav2vec2: 'det er hemmeblå') → ok
18:33:57   sammensat frag.det_er + name.decor.pynt-blomsterbed: 'Det er blomsterbed' CER 0.000 (whisper, wav2vec2: 'det er blomsterbede') → ok
18:33:59   sammensat frag.det_er + name.decor.pynt-dam: 'det er anne dam' CER 0.083 (wav2vec2, whisper: 'Det er Annedam') → FEJL
18:34:02   sammensat frag.det_er + name.item.fest-body: 'det er fest ledt' CER 0.154 (wav2vec2, whisper: 'Det er festligt') → FEJL
18:34:04   sammensat frag.det_er + name.item.fest-head: 'det er fest' CER 0.250 (wav2vec2, whisper: 'Det er fest') → FEJL
18:34:06   sammensat frag.det_er + name.item.fest-neck: 'Det er butterfly' CER 0.000 (whisper, wav2vec2: 'det er borde fly') → ok
18:34:09   sammensat frag.det_er + name.item.kongelig-back: 'det er kongekulpe' CER 0.214 (wav2vec2, whisper: 'Det er kongekorpe') → FEJL
18:34:12   sammensat frag.det_er + name.item.kongelig-face: 'det er monoke' CER 0.083 (wav2vec2, whisper: 'Det er monogly') → FEJL
18:34:14   sammensat frag.det_er + name.item.ridder-back: 'det er ridderkappet' CER 0.062 (wav2vec2, whisper: 'Det er ridderkappet') → FEJL
18:34:14   sammensat frag.det_er + name.item.rytter-body: 'det er ridejakke' CER 0.000 (wav2vec2) → ok
18:34:15   sammensat frag.det_er + name.item.rytter-face: 'det er støvbriller' CER 0.000 (wav2vec2) → ok
18:34:17   sammensat frag.det_er + name.item.rytter-hand: 'det er gullerød' CER 0.167 (wav2vec2, whisper: 'Det er Gullerød') → FEJL
18:34:20   sammensat frag.det_er + name.item.rytter-head: 'det er rivet hjælm' CER 0.214 (wav2vec2, whisper: 'Det er redehjælpen') → FEJL
18:34:22   sammensat frag.det_er + name.item.talmagiker-body: 'det er tryllekjorte' CER 0.056 (wav2vec2, whisper: 'Det er tryllekjortet') → FEJL
18:34:25   sammensat frag.det_er + name.item.talmagiker-neck: 'det er talamuligt' CER 0.143 (wav2vec2, whisper: 'Det er talamuligt') → FEJL
18:34:25   sammensat n.mid.7 + name.item.vinter-face: '7 skibriller' CER 0.000 (wav2vec2) → ok
18:34:28   sammensat frag.det_er + name.item.vinter-head: 'det er palsu' CER 0.250 (wav2vec2, whisper: 'Det er Pallet Shoe') → FEJL
18:34:28   sammensat frag.det_er + name.region.w1-dobbelt: 'det er dobbeltdalen' CER 0.000 (wav2vec2) → ok
18:34:31   sammensat frag.det_er + name.region.w1-tal100: 'deter hun har været marken' CER 0.316 (wav2vec2, whisper: 'Det er 100 marken') → FEJL
18:34:33   sammensat frag.det_er + name.region.w1-tieren: 'det er 20 proen' CER 0.071 (wav2vec2, whisper: 'Det er 20 broen') → FEJL
18:34:36   sammensat frag.det_er + name.region.w2-gange: 'det er gangekrorten' CER 0.118 (wav2vec2, whisper: 'Det er gangekorten') → FEJL
18:34:38   sammensat frag.det_er + name.region.w2-hundreder: 'det er 1u0 af broen' CER 0.389 (wav2vec2, whisper: 'Det er 100 af broen') → FEJL
18:34:38   sammensat frag.det_er + name.region.w2-maal-data: 'det er linealstien' CER 0.000 (wav2vec2) → ok
18:34:41   sammensat frag.det_er + name.species.fox: 'det er rev' CER 0.125 (wav2vec2, whisper: 'Det er rev') → FEJL
18:34:43   sammensat frag.det_er + name.species.owl: 'det er ulig' CER 0.333 (wav2vec2, whisper: 'Det er Ole') → FEJL
18:34:45   sammensat frag.det_er + name.species.unicorn: 'det er en hjørning' CER 0.000 (wav2vec2, whisper: 'Det er i en hjørning') → FEJL
18:34:48   sammensat frag.det_er + noun.coin.100.def.end: 'Det er enkronen' CER 0.000 (whisper, wav2vec2: 'det er en kronen') → ok
18:34:50   sammensat frag.det_er + noun.coin.100.def.mid: 'det er en kronen' CER 0.000 (wav2vec2, whisper: 'Det er en kronen') → FEJL
18:34:53   sammensat frag.det_er + noun.coin.100.indef.mid: 'det er en anden krone' CER 0.214 (wav2vec2, whisper: 'Det er en af en krone') → FEJL
18:34:55   sammensat frag.det_er + noun.coin.100.pl.end: 'det er en kroner' CER 0.000 (wav2vec2, whisper: 'Det er en kroner') → FEJL
18:34:58   sammensat frag.det_er + noun.coin.100.pl.mid: 'det er en kroner' CER 0.000 (wav2vec2, whisper: 'Det er en kroner') → FEJL
18:35:00   sammensat frag.det_er + noun.coin.1000.def.end: 'det er til kronen' CER 0.077 (wav2vec2, whisper: 'Det er til kronen') → FEJL
18:35:03   sammensat frag.det_er + noun.coin.1000.indef.mid: 'det er en 10 kron' CER 0.071 (wav2vec2, whisper: 'Det er en 10 kr') → FEJL
18:35:05   sammensat frag.det_er + noun.coin.10000.def.end: 'det er 100 kronsiden' CER 0.174 (wav2vec2, whisper: 'Det er 100 kroner siden') → FEJL
18:35:08   sammensat frag.det_er + noun.coin.10000.def.mid: 'det er på noget kronsidelen' CER 0.348 (wav2vec2, whisper: 'Det er 100 kroner sædlen') → FEJL
18:35:11   sammensat frag.det_er + noun.coin.10000.indef.mid: 'det er en 100 kronsæddel' CER 0.120 (wav2vec2, whisper: 'Det er en 100 kroner seddel') → FEJL
18:35:13   sammensat frag.det_er + noun.coin.10000.pl.end: 'det er 100 kronsedler' CER 0.087 (wav2vec2, whisper: 'Det er 100 kroner sedler') → FEJL
18:35:16   sammensat frag.det_er + noun.coin.10000.pl.mid: 'det er 100 kronsedler' CER 0.087 (wav2vec2, whisper: 'Det er 100 kroner sedler') → FEJL
18:35:16   sammensat frag.det_er + noun.coin.200.def.end: 'det er tokronen' CER 0.000 (wav2vec2) → ok
18:35:19   sammensat frag.det_er + noun.coin.200.pl.end: 'det er 2 kroner' CER 0.000 (wav2vec2, whisper: 'Det er 2 kroner') → FEJL
18:35:19   sammensat frag.det_er + noun.coin.200.pl.mid: 'det er tokroner' CER 0.000 (wav2vec2) → ok
18:35:21   sammensat frag.det_er + noun.coin.2000.def.end: 'det er 20 kronen' CER 0.000 (wav2vec2, whisper: 'Det er 20 kroner') → FEJL
18:35:24   sammensat frag.det_er + noun.coin.2000.def.mid: 'det er 20 krnen' CER 0.067 (wav2vec2, whisper: 'Det er 20 kroner') → FEJL
18:35:26   sammensat frag.det_er + noun.coin.2000.pl.end: 'det er 20 krer' CER 0.133 (wav2vec2, whisper: 'Det er 20 kroner') → FEJL
18:35:29   sammensat frag.det_er + noun.coin.2000.pl.mid: 'det er 20 krer' CER 0.133 (wav2vec2, whisper: 'Det er 20 kroner') → FEJL
18:35:32   sammensat frag.det_er + noun.coin.20000.def.end: 'det er 200 kronsiden' CER 0.160 (wav2vec2, whisper: 'Det er 200 kroner sædden') → FEJL
18:35:35   sammensat frag.det_er + noun.coin.20000.def.mid: 'det er 200 kron i sedlen' CER 0.080 (wav2vec2, whisper: 'Det er 200 kroner i sedlen') → FEJL
18:35:38   sammensat frag.det_er + noun.coin.20000.indef.mid: 'det er en 200 kronseddel' CER 0.074 (wav2vec2, whisper: 'Det er en 200 kroner seddel') → FEJL
18:35:40   sammensat frag.det_er + noun.coin.20000.pl.end: 'det er 200 kronecedler' CER 0.080 (wav2vec2, whisper: 'Det er 200 kroner i sedler') → FEJL
18:35:43   sammensat frag.det_er + noun.coin.20000.pl.mid: 'det er 200 kronesedler' CER 0.040 (wav2vec2, whisper: 'Det er 200 kroner i sedler') → FEJL
18:35:46   sammensat frag.det_er + noun.coin.50.def.end: 'det er 50øen' CER 0.056 (wav2vec2, whisper: 'Det er 50 øerne') → FEJL
18:35:48   sammensat frag.det_er + noun.coin.50.def.mid: 'det er 50øen' CER 0.056 (wav2vec2, whisper: 'Det er 50 øerne') → FEJL
18:35:51   sammensat frag.det_er + noun.coin.50.indef.mid: 'det er en 50 ører' CER 0.053 (wav2vec2, whisper: 'Det er en halvtreds øre') → FEJL
18:35:54   sammensat frag.det_er + noun.coin.50.pl.end: 'det er 50syrer' CER 0.111 (wav2vec2, whisper: 'Det er 50 øer') → FEJL
18:35:56   sammensat frag.det_er + noun.coin.50.pl.mid: 'det er 50øer' CER 0.056 (wav2vec2, whisper: 'Det er 50 øer') → FEJL
18:35:58   sammensat frag.det_er + noun.coin.500.def.mid: 'det er 5 kronen' CER 0.000 (wav2vec2, whisper: 'Det er 5 kroner') → FEJL
18:36:01   sammensat frag.det_er + noun.coin.500.pl.end: 'det er 5 kroe' CER 0.143 (wav2vec2, whisper: 'Det er 5 kroner') → FEJL
18:36:03   sammensat frag.det_er + noun.coin.500.pl.mid: 'det er 5 kre' CER 0.214 (wav2vec2, whisper: 'Det er 5 kroner') → FEJL
18:36:06   sammensat frag.det_er + noun.coin.5000.def.end: 'det er 50 kronsædelen' CER 0.120 (wav2vec2, whisper: 'Det er 50 kroner sedlen') → FEJL
18:36:09   sammensat frag.det_er + noun.coin.5000.def.mid: 'det er 50 kronsidlen' CER 0.080 (wav2vec2, whisper: 'Det er 50 kroner siden') → FEJL
18:36:12   sammensat frag.det_er + noun.coin.5000.indef.mid: 'det er en 50 kroncellet' CER 0.185 (wav2vec2, whisper: 'Det er en 50 kroner cellet') → FEJL
18:36:14   sammensat frag.det_er + noun.coin.5000.pl.end: 'det er 50 kronsedler' CER 0.040 (wav2vec2, whisper: 'Det er 50 kroner sedler') → FEJL
18:36:17   sammensat frag.det_er + noun.coin.5000.pl.mid: 'det er 50 kronsedler' CER 0.040 (wav2vec2, whisper: 'Det er 50 kroner sæler') → FEJL
18:36:20   sammensat frag.det_er + noun.coin.50000.def.end: 'det er 500 kron i sedlen' CER 0.077 (wav2vec2, whisper: 'Det er 500 kroner i sedlen') → FEJL
18:36:23   sammensat frag.det_er + noun.coin.50000.def.mid: 'det er 500 kronsedlen' CER 0.077 (wav2vec2, whisper: 'Det er 500 kroner sædlen') → FEJL
18:36:26   sammensat frag.det_er + noun.coin.50000.indef.mid: 'det er en 500 kron i sædddel' CER 0.143 (wav2vec2, whisper: 'Det er en 500 kroner seddel') → FEJL
18:36:28   sammensat frag.det_er + noun.coin.50000.pl.end: 'det er 500 kronesedler' CER 0.038 (wav2vec2, whisper: 'Det er 500 kroner i sedler') → FEJL
18:36:31   sammensat frag.det_er + noun.coin.50000.pl.mid: 'det er 500 kronesedler' CER 0.038 (wav2vec2, whisper: 'Det er 500 kroner sedler') → FEJL
18:36:34   sammensat frag.det_er + noun.digit.0.mid: 'Det er nullet' CER 0.000 (whisper, wav2vec2: 'det er n0e') → ok
18:36:36   sammensat frag.det_er + noun.digit.1.end: 'det er 1t tallet' CER 0.077 (wav2vec2, whisper: 'Det er 1 tallet') → FEJL
18:36:38   sammensat frag.det_er + noun.digit.1.mid: 'det er et tallet' CER 0.077 (wav2vec2, whisper: 'Det er et tallet') → FEJL
18:36:41   sammensat frag.det_er + noun.digit.2.end: 'det er totalet' CER 0.077 (wav2vec2, whisper: 'Det er totalet') → FEJL
18:36:43   sammensat frag.det_er + noun.digit.4.mid: 'det er viretallet' CER 0.067 (wav2vec2, whisper: 'Det er 4 tallet') → FEJL
18:36:45   sammensat frag.det_er + noun.digit.7.end: 'det er sytallet' CER 0.071 (wav2vec2, whisper: 'Det er syvtalet') → FEJL
18:36:46   sammensat frag.det_er + noun.digit.9.end: 'det er nitallet' CER 0.000 (wav2vec2) → ok
18:36:46   sammensat frag.det_er + noun.digit.9.mid: 'det er nitallet' CER 0.000 (wav2vec2) → ok
18:36:48   sammensat frag.det_er + noun.mt.comb: 'det er én kamp' CER 0.100 (wav2vec2, whisper: 'Det er én kamp') → FEJL
18:36:48   sammensat frag.det_er + noun.mt.fork: 'det er en gaffel' CER 0.000 (wav2vec2) → ok
18:36:51   sammensat frag.det_er + noun.mt.whale: 'det er en vag' CER 0.182 (wav2vec2, whisper: 'Det er en vag') → FEJL
18:36:53   sammensat frag.det_er + noun.place.h.pl.end: 'det er pån rødder' CER 0.357 (wav2vec2, whisper: 'Det er hun røder') → FEJL
18:36:56   sammensat frag.det_er + noun.place.h.pl.mid: 'det er bunrødder' CER 0.286 (wav2vec2, whisper: 'Det er hun røder') → FEJL
18:36:58   sammensat frag.det_er + noun.place.h.sg.end: 'det er hun rede' CER 0.077 (wav2vec2, whisper: 'Det er hun reddet') → FEJL
18:37:00   sammensat frag.det_er + noun.place.h.sg.mid: 'Det er 100' CER 0.000 (whisper, wav2vec2: 'det er på en') → ok
18:37:00   sammensat frag.det_er + noun.place.o.pl.mid: 'det er enere' CER 0.000 (wav2vec2) → ok
18:37:03   sammensat frag.det_er + noun.place.t.sg.end: 'det er' CER 0.444 (wav2vec2, whisper: 'Det er 10') → FEJL
18:37:05   sammensat frag.det_er + noun.shape.hexagon.indef.mid: 'Det er en sekskant' CER 0.000 (whisper, wav2vec2: 'det er en s6 kant') → ok
18:37:08   sammensat frag.det_er + noun.shape.hexagon.pl.end: 'det er 6 kanter' CER 0.000 (wav2vec2, whisper: 'Det er 6 kanter') → FEJL
18:37:10   sammensat frag.det_er + noun.shape.hexagon.pl.mid: 'det er 6 kanter' CER 0.000 (wav2vec2, whisper: 'Det er seks kanter') → FEJL
18:37:13   sammensat frag.det_er + noun.shape.octagon.pl.end: 'det er 8 kanter' CER 0.000 (wav2vec2, whisper: 'Det er 8 kanter') → FEJL
18:37:15   sammensat frag.det_er + noun.shape.octagon.pl.mid: 'det er 8 kanter' CER 0.000 (wav2vec2, whisper: 'Det er 8 kanter') → FEJL
18:37:17   sammensat frag.det_er + noun.shape.pentagon.pl.end: 'det er 5 kanter' CER 0.000 (wav2vec2, whisper: 'Det er 5 kanter') → FEJL
18:37:20   sammensat frag.det_er + noun.shape.pentagon.pl.mid: 'det er 5 kanter' CER 0.000 (wav2vec2, whisper: 'Det er 5 kanter') → FEJL
18:37:22   sammensat frag.det_er + noun.shape.rectangle.indef.mid: 'det er et haktentet' CER 0.312 (wav2vec2, whisper: 'Det er et hektangeet') → FEJL
18:37:25   sammensat frag.det_er + noun.shape.rhombus.def.end: 'det er rompen' CER 0.091 (wav2vec2, whisper: 'Det er rompen') → FEJL
18:37:27   sammensat frag.det_er + noun.shape.rhombus.def.mid: 'det er homben' CER 0.091 (wav2vec2, whisper: 'Det er Homben') → FEJL
18:37:29   sammensat frag.det_er + noun.shape.rhombus.indef.end: 'det er en rompe' CER 0.083 (wav2vec2, whisper: 'Det er en rompe') → FEJL
18:37:32   sammensat frag.det_er + noun.shape.rhombus.indef.mid: 'det er en rompe' CER 0.083 (wav2vec2, whisper: 'Det er en rompe') → FEJL
18:37:34   sammensat frag.det_er + noun.shape.rhombus.pl.end: 'det er homber' CER 0.091 (wav2vec2, whisper: 'Det er Homba') → FEJL
18:37:34   sammensat frag.det_er + noun.shape.rhombus.pl.mid: 'det er romber' CER 0.000 (wav2vec2) → ok
18:37:35   sammensat frag.det_er + noun.shape.semicircle.def.end: 'det er halvcirklen' CER 0.000 (wav2vec2) → ok
18:37:37   sammensat frag.det_er + noun.shape.semicircle.indef.mid: 'det er en halsirdy' CER 0.294 (wav2vec2, whisper: 'Det er en halv sjette') → FEJL
18:37:40   sammensat frag.det_er + noun.shape.trapezoid.def.end: 'Det er trapezet' CER 0.000 (whisper, wav2vec2: 'det er trapeset') → ok
18:37:42   sammensat frag.det_er + noun.shape.trapezoid.def.mid: 'det er trapeset' CER 0.077 (wav2vec2, whisper: 'Det er trapeze') → FEJL
18:37:44   sammensat frag.det_er + noun.shape.trapezoid.indef.mid: 'Det er et trapez' CER 0.000 (whisper, wav2vec2: 'det er et trapis') → ok
18:37:47   sammensat frag.det_er + noun.solid.cone.def.end: 'Det er keglen' CER 0.000 (whisper, wav2vec2: 'det er karingen') → ok
18:37:49   sammensat frag.det_er + noun.solid.cone.def.mid: 'det er kajin' CER 0.364 (wav2vec2, whisper: 'Det er Kai Yuen') → FEJL
18:37:51   sammensat frag.det_er + noun.solid.sphere.def.end: 'det er coling' CER 0.455 (wav2vec2, whisper: 'Det er Coen') → FEJL
18:37:53   sammensat frag.det_er + noun.solid.sphere.def.mid: 'det er kolen' CER 0.182 (wav2vec2, whisper: 'Det er koden') → FEJL
18:37:55   sammensat frag.det_er + noun.solid.sphere.pl.end: 'det er koler' CER 0.182 (wav2vec2, whisper: 'Det er cola') → FEJL
18:37:56   sammensat frag.det_er + noun.solid.sphere.pl.mid: 'det er kugler' CER 0.000 (wav2vec2) → ok
18:37:58   sammensat frag.det_er + noun.unit.g.end: 'det er kram' CER 0.111 (wav2vec2, whisper: 'Det er kramp') → FEJL
18:38:00   sammensat frag.det_er + noun.unit.g.mid: 'det er kam' CER 0.222 (wav2vec2, whisper: 'Det er kamp') → FEJL
18:38:00   sammensat frag.det_er + noun.unit.krone.end: 'det er krone' CER 0.000 (wav2vec2) → ok
18:38:00   sammensat frag.det_er + noun.unit.krone.mid: 'det er krone' CER 0.000 (wav2vec2) → ok
18:38:00   sammensat frag.det_er + noun.unit.ore.mid: 'det er øre' CER 0.000 (wav2vec2) → ok
18:38:01   sammensat frag.det_er + s.fractionShape.colour: 'det er farv' CER 0.000 (wav2vec2) → ok
18:38:03   sammensat frag.det_er + s.kind.clockSet.dial: 'Det er uret' CER 0.000 (whisper, wav2vec2: 'det er ued') → ok
18:38:03   sammensat frag.det_er + s.kind.pay.tray: 'det er bakken' CER 0.000 (wav2vec2) → ok
18:38:05   sammensat frag.det_er + s.kind.share.pile: 'det er borgu' CER 0.455 (wav2vec2, whisper: 'Det er bombe') → FEJL
18:38:08   sammensat frag.det_er + s.shareEqually.share: 'det er d' CER 0.250 (wav2vec2, whisper: 'Det er D') → FEJL
18:38:10 ✅ EOS token detected! Stopping generation at step 31
18:38:15 kald single k=1 t3 'Betal,': 7.5 s for 1.20 s lyd
18:38:15   frag.betal t3: 0.48 s (forhold 0.77) -18.0 LUFS, none: 'None' CER None (None) → ok
18:38:17 ✅ EOS token detected! Stopping generation at step 18
18:38:21 kald single k=1 t2 'er,': 6.1 s for 0.68 s lyd
18:38:22   hint.change.is t2: 0.31 s (forhold 0.99) -18.0 LUFS, none: 'None' CER None (None) → ok
18:38:24 ✅ EOS token detected! Stopping generation at step 32
18:38:29 kald single k=1 t2 'Tæl op til,': 7.4 s for 1.24 s lyd
18:38:29   hint.missingPart10.countTo t2: 0.61 s (forhold 0.65) -18.09 LUFS, none: 'None' CER None (None) → ok
18:38:31 ✅ EOS token detected! Stopping generation at step 22
18:38:36 kald single k=1 t2 'og gå,': 6.5 s for 0.84 s lyd
18:38:36   hint.nl.andGo t2: 0.34 s (forhold 0.54) -18.0 LUFS, none: 'None' CER None (None) → ok
18:38:38 ✅ EOS token detected! Stopping generation at step 22
18:38:42 kald single k=1 t2 'frem.': 6.4 s for 0.84 s lyd
18:38:43   hint.nl.forward t2: 0.40 s (forhold 1.28) -18.45 LUFS, none: 'None' CER None (None) → ok
18:38:44 ✅ EOS token detected! Stopping generation at step 23
18:38:49 kald single k=1 t2 'værd.': 6.6 s for 0.88 s lyd
18:38:49   hint.place.worthEnd t2: 0.36 s (forhold 1.17) -18.0 LUFS, none: 'None' CER None (None) → ok
18:38:52 ✅ EOS token detected! Stopping generation at step 36
18:38:58 kald single k=1 t2 'rævehvalp': 8.0 s for 1.40 s lyd
18:38:58   name.baby.fox t2: 0.73 s (forhold 0.78) -18.0 LUFS, none: 'None' CER None (None) → ok
18:39:01 ✅ EOS token detected! Stopping generation at step 38
18:39:06 kald single k=1 t2 'ugleunge': 8.1 s for 1.48 s lyd
18:39:06   name.baby.owl t2: 0.72 s (forhold 0.77) -18.0 LUFS, none: 'None' CER None (None) → ok
18:39:09 ✅ EOS token detected! Stopping generation at step 34
18:39:13 kald single k=1 t2 'egernunge': 7.4 s for 1.32 s lyd
18:39:14   name.baby.squirrel t2: 0.64 s (forhold 0.51) -18.0 LUFS, none: 'None' CER None (None) → ok
18:39:17 ✅ EOS token detected! Stopping generation at step 42
18:39:22 kald single k=1 t2 'enhjørningeføl': 8.3 s for 1.64 s lyd
18:39:22   name.breed.foal t2: 0.86 s (forhold 0.55) -18.0 LUFS, none: 'None' CER None (None) → ok
18:39:24 forcing EOS token, long_tail=tensor(True), alignment_repetition=tensor(False), token_repetition=False
18:39:24 ✅ EOS token detected! Stopping generation at step 20
18:39:29 kald single k=1 t3 'polar': 6.4 s for 0.76 s lyd
18:39:29   name.color.fox.c2 t3: 0.21 s (forhold 0.34) -18.0 LUFS, none: 'None' CER None (None) → FEJL varighed
18:39:31 ✅ EOS token detected! Stopping generation at step 23
18:39:35 kald single k=1 t2 'sølv': 6.7 s for 0.88 s lyd
18:39:36   name.color.fox.c3 t2: 0.40 s (forhold 1.27) -18.0 LUFS, none: 'None' CER None (None) → ok
18:39:38 ✅ EOS token detected! Stopping generation at step 24
18:39:42 kald single k=1 t2 'guldrød': 6.6 s for 0.92 s lyd
18:39:42   name.color.fox.c5 t2: 0.45 s (forhold 0.72) -18.0 LUFS, none: 'None' CER None (None) → ok
18:39:45 forcing EOS token, long_tail=tensor(True), alignment_repetition=tensor(False), token_repetition=False
18:39:45 ✅ EOS token detected! Stopping generation at step 36
18:39:50 kald single k=1 t2 'abrikos': 7.7 s for 1.40 s lyd
18:39:50   name.color.hamster.c1 t2: 0.83 s (forhold 0.89) -18.08 LUFS, none: 'None' CER None (None) → ok
18:39:53 forcing EOS token, long_tail=tensor(True), alignment_repetition=tensor(False), token_repetition=False
18:39:53 ✅ EOS token detected! Stopping generation at step 29
18:39:57 kald single k=1 t2 'fuks': 7.0 s for 1.12 s lyd
18:39:58   name.color.horse.c1 t2: 0.53 s (forhold 1.68) -18.1 LUFS, none: 'None' CER None (None) → ok
18:40:00 ✅ EOS token detected! Stopping generation at step 26
18:40:04 kald single k=1 t2 'broget': 6.9 s for 1.00 s lyd
18:40:05   name.color.horse.c5 t2: 0.45 s (forhold 0.72) -18.0 LUFS, none: 'None' CER None (None) → ok
18:40:07 ✅ EOS token detected! Stopping generation at step 27
18:40:12 kald single k=1 t2 'mint': 7.2 s for 1.04 s lyd
18:40:12   name.color.unicorn.c4 t2: 0.52 s (forhold 1.66) -18.0 LUFS, none: 'None' CER None (None) → ok
18:40:14 ✅ EOS token detected! Stopping generation at step 31
18:40:19 kald single k=1 t2 'Andedam': 7.3 s for 1.20 s lyd
18:40:20   name.decor.pynt-dam t2: 0.48 s (forhold 0.51) -18.12 LUFS, none: 'None' CER None (None) → ok
18:40:22 forcing EOS token, long_tail=tensor(True), alignment_repetition=tensor(False), token_repetition=False
18:40:22 ✅ EOS token detected! Stopping generation at step 32
18:40:27 kald single k=1 t2 'Festvest': 7.4 s for 1.24 s lyd
18:40:27   name.item.fest-body t2: 0.77 s (forhold 1.23) -18.11 LUFS, none: 'None' CER None (None) → ok
18:40:30 forcing EOS token, long_tail=tensor(True), alignment_repetition=tensor(False), token_repetition=False
18:40:30 ✅ EOS token detected! Stopping generation at step 29
18:40:34 kald single k=1 t2 'Festhat': 7.0 s for 1.12 s lyd
18:40:34   name.item.fest-head t2: 0.47 s (forhold 0.76) -18.0 LUFS, none: 'None' CER None (None) → ok
18:40:37 ✅ EOS token detected! Stopping generation at step 35
18:40:42 kald single k=1 t2 'Kongekåbe': 7.8 s for 1.36 s lyd
18:40:43   name.item.kongelig-back t2: 0.84 s (forhold 0.68) -18.17 LUFS, none: 'None' CER None (None) → ok
18:40:44 ✅ EOS token detected! Stopping generation at step 24
18:40:49 kald single k=1 t2 'Monokel': 6.6 s for 0.92 s lyd
18:40:49   name.item.kongelig-face t2: 0.55 s (forhold 0.58) -18.0 LUFS, none: 'None' CER None (None) → ok
18:40:52 ✅ EOS token detected! Stopping generation at step 33
18:40:57 kald single k=1 t2 'Ridderkappe': 7.5 s for 1.28 s lyd
18:40:57   name.item.ridder-back t2: 0.73 s (forhold 0.58) -18.15 LUFS, none: 'None' CER None (None) → ok
18:40:59 ✅ EOS token detected! Stopping generation at step 26
18:41:04 kald single k=1 t2 'Gulerod': 7.0 s for 1.00 s lyd
18:41:04   name.item.rytter-hand t2: 0.49 s (forhold 0.52) -18.0 LUFS, none: 'None' CER None (None) → ok
18:41:06 ✅ EOS token detected! Stopping generation at step 26
18:41:11 kald single k=1 t2 'Ridehjelm': 6.9 s for 1.00 s lyd
18:41:11   name.item.rytter-head t2: 0.70 s (forhold 0.75) -18.11 LUFS, none: 'None' CER None (None) → ok
18:41:14 ✅ EOS token detected! Stopping generation at step 36
18:41:19 kald single k=1 t2 'Tryllekjortel': 7.9 s for 1.40 s lyd
18:41:19   name.item.talmagiker-body t2: 0.81 s (forhold 0.65) -18.0 LUFS, none: 'None' CER None (None) → ok
18:41:23 ✅ EOS token detected! Stopping generation at step 43
18:41:28 kald single k=1 t2 'Talamulet': 8.7 s for 1.68 s lyd
18:41:28   name.item.talmagiker-neck t2: 0.85 s (forhold 0.68) -18.19 LUFS, none: 'None' CER None (None) → ok
18:41:31 ✅ EOS token detected! Stopping generation at step 41
18:41:37 kald single k=1 t2 'Pelshue': 8.3 s for 1.60 s lyd
18:41:37   name.item.vinter-head t2: 0.66 s (forhold 0.70) -18.0 LUFS, none: 'None' CER None (None) → ok
18:41:40 ✅ EOS token detected! Stopping generation at step 36
18:41:45 kald single k=1 t2 'Hundredemarken': 7.7 s for 1.40 s lyd
18:41:45   name.region.w1-tal100 t2: 0.88 s (forhold 0.56) -18.0 LUFS, none: 'None' CER None (None) → ok
18:41:47 ✅ EOS token detected! Stopping generation at step 34
18:41:52 kald single k=1 t2 'Tyvebroen': 7.5 s for 1.32 s lyd
18:41:53   name.region.w1-tieren t2: 0.62 s (forhold 0.50) -18.0 LUFS, none: 'None' CER None (None) → ok
18:41:55 ✅ EOS token detected! Stopping generation at step 31
18:42:00 kald single k=1 t2 'Gangegrotten': 7.4 s for 1.20 s lyd
18:42:00   name.region.w2-gange t2: 0.75 s (forhold 0.60) -18.12 LUFS, none: 'None' CER None (None) → ok
18:42:03 ✅ EOS token detected! Stopping generation at step 29
18:42:08 kald single k=1 t2 'Hundredebroen': 7.3 s for 1.12 s lyd
18:42:08   name.region.w2-hundreder t2: 0.84 s (forhold 0.54) -18.0 LUFS, none: 'None' CER None (None) → ok
18:42:10 ✅ EOS token detected! Stopping generation at step 24
18:42:14 kald single k=1 t2 'Ræv': 6.7 s for 0.92 s lyd
18:42:15   name.species.fox t2: 0.29 s (forhold 0.94) -18.0 LUFS, none: 'None' CER None (None) → ok
18:42:16 ✅ EOS token detected! Stopping generation at step 20
18:42:21 kald single k=1 t2 'Ugle': 6.6 s for 0.76 s lyd
18:42:21   name.species.owl t2: 0.38 s (forhold 0.61) -18.0 LUFS, none: 'None' CER None (None) → ok
18:42:24 ✅ EOS token detected! Stopping generation at step 27
18:42:29 kald single k=1 t2 'Enhjørning': 7.1 s for 1.04 s lyd
18:42:29   name.species.unicorn t2: 0.69 s (forhold 0.73) -18.0 LUFS, none: 'None' CER None (None) → ok
18:42:32 ✅ EOS token detected! Stopping generation at step 36
18:42:37 kald single k=1 t2 'enkronen,': 7.8 s for 1.40 s lyd
18:42:37   noun.coin.100.def.mid t2: 0.85 s (forhold 0.90) -18.0 LUFS, none: 'None' CER None (None) → ok
18:42:39 forcing EOS token, long_tail=tensor(True), alignment_repetition=tensor(False), token_repetition=False
18:42:39 ✅ EOS token detected! Stopping generation at step 28
18:42:44 kald single k=1 t2 'en enkrone,': 7.2 s for 1.08 s lyd
18:42:44   noun.coin.100.indef.mid t2: 0.84 s (forhold 0.67) -18.15 LUFS, none: 'None' CER None (None) → ok
18:42:47 ✅ EOS token detected! Stopping generation at step 34
18:42:52 kald single k=1 t2 'enkroner.': 7.6 s for 1.32 s lyd
18:42:52   noun.coin.100.pl.end t2: 0.63 s (forhold 0.67) -18.0 LUFS, none: 'None' CER None (None) → ok
18:42:54 ✅ EOS token detected! Stopping generation at step 32
18:43:00 kald single k=1 t2 'enkroner,': 7.5 s for 1.24 s lyd
18:43:00   noun.coin.100.pl.mid t2: 0.68 s (forhold 0.72) -18.0 LUFS, none: 'None' CER None (None) → ok
18:43:03 ✅ EOS token detected! Stopping generation at step 38
18:43:08 kald single k=1 t2 'tikronen.': 8.4 s for 1.48 s lyd
18:43:08   noun.coin.1000.def.end t2: 0.85 s (forhold 0.90) -18.0 LUFS, none: 'None' CER None (None) → ok
18:43:11 ✅ EOS token detected! Stopping generation at step 28
18:43:16 kald single k=1 t2 'en tikrone,': 7.2 s for 1.08 s lyd
18:43:16   noun.coin.1000.indef.mid t2: 0.72 s (forhold 0.57) -18.0 LUFS, none: 'None' CER None (None) → ok
18:43:19 ✅ EOS token detected! Stopping generation at step 43
18:43:24 kald single k=1 t2 'hundredkronesedlen.': 8.6 s for 1.68 s lyd
18:43:25   noun.coin.10000.def.end t2: 1.02 s (forhold 0.54) -18.0 LUFS, none: 'None' CER None (None) → ok
18:43:28 ✅ EOS token detected! Stopping generation at step 47
18:43:33 kald single k=1 t2 'hundredkronesedlen,': 8.9 s for 1.84 s lyd
18:43:34   noun.coin.10000.def.mid t2: 1.15 s (forhold 0.61) -18.18 LUFS, none: 'None' CER None (None) → ok
18:43:37 ✅ EOS token detected! Stopping generation at step 46
18:43:42 kald single k=1 t2 'en hundredkroneseddel,': 8.7 s for 1.80 s lyd
18:43:43   noun.coin.10000.indef.mid t2: 1.17 s (forhold 0.53) -18.0 LUFS, none: 'None' CER None (None) → ok
18:43:46 ✅ EOS token detected! Stopping generation at step 46
18:43:51 kald single k=1 t2 'hundredkronesedler.': 8.7 s for 1.80 s lyd
18:43:52   noun.coin.10000.pl.end t2: 1.10 s (forhold 0.59) -18.0 LUFS, none: 'None' CER None (None) → ok
18:43:55 ✅ EOS token detected! Stopping generation at step 44
18:44:00 kald single k=1 t2 'hundredkronesedler,': 8.7 s for 1.72 s lyd
18:44:01   noun.coin.10000.pl.mid t2: 1.08 s (forhold 0.58) -18.0 LUFS, none: 'None' CER None (None) → ok
18:44:02 ✅ EOS token detected! Stopping generation at step 24
18:44:07 kald single k=1 t2 'tokroner.': 6.6 s for 0.92 s lyd
18:44:07   noun.coin.200.pl.end t2: 0.58 s (forhold 0.62) -18.0 LUFS, none: 'None' CER None (None) → ok
18:44:10 forcing EOS token, long_tail=tensor(True), alignment_repetition=tensor(False), token_repetition=False
18:44:10 ✅ EOS token detected! Stopping generation at step 40
18:44:16 kald single k=1 t2 'tyvekronen.': 8.1 s for 1.56 s lyd
18:44:16   noun.coin.2000.def.end t2: 0.88 s (forhold 0.70) -18.0 LUFS, none: 'None' CER None (None) → ok
18:44:19 ✅ EOS token detected! Stopping generation at step 40
18:44:24 kald single k=1 t2 'tyvekronen,': 7.9 s for 1.56 s lyd
18:44:24   noun.coin.2000.def.mid t2: 0.88 s (forhold 0.70) -18.0 LUFS, none: 'None' CER None (None) → ok
18:44:27 ✅ EOS token detected! Stopping generation at step 36
18:44:32 kald single k=1 t2 'tyvekroner.': 7.9 s for 1.40 s lyd
18:44:32   noun.coin.2000.pl.end t2: 0.74 s (forhold 0.60) -18.0 LUFS, none: 'None' CER None (None) → ok
18:44:34 ✅ EOS token detected! Stopping generation at step 28
18:44:39 kald single k=1 t2 'tyvekroner,': 7.1 s for 1.08 s lyd
18:44:39   noun.coin.2000.pl.mid t2: 0.78 s (forhold 0.63) -18.0 LUFS, none: 'None' CER None (None) → ok
18:44:43 ✅ EOS token detected! Stopping generation at step 50
18:44:49 kald single k=1 t2 'tohundredkronesedlen.': 9.2 s for 1.96 s lyd
18:44:49   noun.coin.20000.def.end t2: 1.36 s (forhold 0.62) -18.08 LUFS, none: 'None' CER None (None) → ok
18:44:53 ✅ EOS token detected! Stopping generation at step 51
18:44:58 kald single k=1 t2 'tohundredkronesedlen,': 9.3 s for 2.00 s lyd
18:44:58   noun.coin.20000.def.mid t2: 1.32 s (forhold 0.60) -18.0 LUFS, none: 'None' CER None (None) → ok
18:45:02 ✅ EOS token detected! Stopping generation at step 50
18:45:07 kald single k=1 t2 'en tohundredkroneseddel,': 9.1 s for 1.96 s lyd
18:45:08   noun.coin.20000.indef.mid t2: 1.42 s (forhold 0.57) -18.0 LUFS, none: 'None' CER None (None) → ok
18:45:11 ✅ EOS token detected! Stopping generation at step 49
18:45:17 kald single k=1 t2 'tohundredkronesedler.': 9.2 s for 1.92 s lyd
18:45:17   noun.coin.20000.pl.end t2: 1.28 s (forhold 0.59) -18.0 LUFS, none: 'None' CER None (None) → ok
18:45:21 ✅ EOS token detected! Stopping generation at step 46
18:45:26 kald single k=1 t2 'tohundredkronesedler,': 8.8 s for 1.80 s lyd
18:45:26   noun.coin.20000.pl.mid t2: 1.24 s (forhold 0.57) -18.0 LUFS, none: 'None' CER None (None) → ok
18:45:29 ✅ EOS token detected! Stopping generation at step 40
18:45:34 kald single k=1 t2 'halvtredsøren.': 8.2 s for 1.56 s lyd
18:45:35   noun.coin.50.def.end t2: 0.76 s (forhold 0.61) -18.0 LUFS, none: 'None' CER None (None) → ok
18:45:37 ✅ EOS token detected! Stopping generation at step 37
18:45:43 kald single k=1 t2 'halvtredsøren,': 7.9 s for 1.44 s lyd
18:45:43   noun.coin.50.def.mid t2: 0.76 s (forhold 0.61) -18.0 LUFS, none: 'None' CER None (None) → ok
18:45:46 ✅ EOS token detected! Stopping generation at step 39
18:45:51 kald single k=1 t2 'en halvtredsøre,': 8.1 s for 1.52 s lyd
18:45:51   noun.coin.50.indef.mid t2: 0.91 s (forhold 0.58) -18.0 LUFS, none: 'None' CER None (None) → ok
18:45:54 ✅ EOS token detected! Stopping generation at step 39
18:45:59 kald single k=1 t2 'halvtredsører.': 8.1 s for 1.52 s lyd
18:45:59   noun.coin.50.pl.end t2: 0.78 s (forhold 0.62) -18.0 LUFS, none: 'None' CER None (None) → ok
18:46:03 ✅ EOS token detected! Stopping generation at step 42
18:46:08 kald single k=1 t2 'halvtredsører,': 8.4 s for 1.64 s lyd
18:46:08   noun.coin.50.pl.mid t2: 0.87 s (forhold 0.70) -18.0 LUFS, none: 'None' CER None (None) → ok
18:46:11 ✅ EOS token detected! Stopping generation at step 38
18:46:16 kald single k=1 t2 'femkronen,': 7.8 s for 1.48 s lyd
18:46:16   noun.coin.500.def.mid t2: 0.81 s (forhold 0.86) -18.07 LUFS, none: 'None' CER None (None) → ok
18:46:19 ✅ EOS token detected! Stopping generation at step 34
18:46:24 kald single k=1 t2 'femkroner.': 7.7 s for 1.32 s lyd
18:46:24   noun.coin.500.pl.end t2: 0.68 s (forhold 0.72) -18.18 LUFS, none: 'None' CER None (None) → ok
18:46:27 ✅ EOS token detected! Stopping generation at step 36
18:46:32 kald single k=1 t2 'femkroner,': 8.1 s for 1.40 s lyd
18:46:33   noun.coin.500.pl.mid t2: 0.69 s (forhold 0.74) -18.1 LUFS, none: 'None' CER None (None) → ok
18:46:36 ✅ EOS token detected! Stopping generation at step 50
18:46:42 kald single k=1 t2 'halvtredskronesedlen.': 9.2 s for 1.96 s lyd
18:46:42   noun.coin.5000.def.end t2: 1.36 s (forhold 0.73) -18.03 LUFS, none: 'None' CER None (None) → ok
18:46:46 ✅ EOS token detected! Stopping generation at step 45
18:46:51 kald single k=1 t2 'halvtredskronesedlen,': 8.7 s for 1.76 s lyd
18:46:51   noun.coin.5000.def.mid t2: 1.26 s (forhold 0.67) -18.0 LUFS, none: 'None' CER None (None) → ok
18:46:55 ✅ EOS token detected! Stopping generation at step 48
18:47:00 kald single k=1 t2 'en halvtredskroneseddel,': 8.9 s for 1.88 s lyd
18:47:00   noun.coin.5000.indef.mid t2: 1.24 s (forhold 0.57) -18.0 LUFS, none: 'None' CER None (None) → ok
18:47:04 ✅ EOS token detected! Stopping generation at step 50
18:47:09 kald single k=1 t2 'halvtredskronesedler.': 9.2 s for 1.96 s lyd
18:47:10   noun.coin.5000.pl.end t2: 1.17 s (forhold 0.62) -18.03 LUFS, none: 'None' CER None (None) → ok
18:47:14 ✅ EOS token detected! Stopping generation at step 51
18:47:19 kald single k=1 t2 'halvtredskronesedler,': 9.5 s for 2.00 s lyd
18:47:20   noun.coin.5000.pl.mid t2: 1.22 s (forhold 0.65) -18.0 LUFS, none: 'None' CER None (None) → ok
18:47:23 ✅ EOS token detected! Stopping generation at step 51
18:47:29 kald single k=1 t2 'femhundredkronesedlen.': 9.4 s for 2.00 s lyd
18:47:29   noun.coin.50000.def.end t2: 1.42 s (forhold 0.65) -18.05 LUFS, none: 'None' CER None (None) → ok
18:47:33 ✅ EOS token detected! Stopping generation at step 52
18:47:39 kald single k=1 t2 'femhundredkronesedlen,': 9.6 s for 2.04 s lyd
18:47:39   noun.coin.50000.def.mid t2: 1.27 s (forhold 0.58) -18.04 LUFS, none: 'None' CER None (None) → ok
18:47:43 ✅ EOS token detected! Stopping generation at step 53
18:47:49 kald single k=1 t2 'en femhundredkroneseddel,': 9.3 s for 2.08 s lyd
18:47:49   noun.coin.50000.indef.mid t2: 1.39 s (forhold 0.56) -18.0 LUFS, none: 'None' CER None (None) → ok
18:47:53 ✅ EOS token detected! Stopping generation at step 51
18:47:58 kald single k=1 t2 'femhundredkronesedler.': 9.2 s for 2.00 s lyd
18:47:58   noun.coin.50000.pl.end t2: 1.26 s (forhold 0.58) -18.07 LUFS, none: 'None' CER None (None) → ok
18:48:02 ✅ EOS token detected! Stopping generation at step 48
18:48:07 kald single k=1 t2 'femhundredkronesedler,': 9.1 s for 1.88 s lyd
18:48:08   noun.coin.50000.pl.mid t2: 1.26 s (forhold 0.58) -18.04 LUFS, none: 'None' CER None (None) → ok
18:48:10 ✅ EOS token detected! Stopping generation at step 34
18:48:15 kald single k=1 t2 'ettallet.': 7.6 s for 1.32 s lyd
18:48:16   noun.digit.1.end t2: 0.67 s (forhold 0.71) -18.0 LUFS, none: 'None' CER None (None) → ok
18:48:18 ✅ EOS token detected! Stopping generation at step 34
18:48:23 kald single k=1 t2 'ettallet,': 7.6 s for 1.32 s lyd
18:48:23   noun.digit.1.mid t2: 0.58 s (forhold 0.62) -18.0 LUFS, none: 'None' CER None (None) → ok
18:48:26 ✅ EOS token detected! Stopping generation at step 30
18:48:31 kald single k=1 t2 'totallet.': 7.4 s for 1.16 s lyd
18:48:31   noun.digit.2.end t2: 0.56 s (forhold 0.60) -18.0 LUFS, none: 'None' CER None (None) → ok
18:48:33 ✅ EOS token detected! Stopping generation at step 32
18:48:38 kald single k=1 t2 'firetallet,': 7.4 s for 1.24 s lyd
18:48:39   noun.digit.4.mid t2: 0.71 s (forhold 0.57) -18.18 LUFS, none: 'None' CER None (None) → ok
18:48:41 ✅ EOS token detected! Stopping generation at step 29
18:48:46 kald single k=1 t2 'syvtallet.': 6.9 s for 1.12 s lyd
18:48:46   noun.digit.7.end t2: 0.76 s (forhold 0.81) -18.0 LUFS, none: 'None' CER None (None) → ok
18:48:48 ✅ EOS token detected! Stopping generation at step 28
18:48:53 kald single k=1 t2 'en kam,': 7.3 s for 1.08 s lyd
18:48:53   noun.mt.comb t2: 0.54 s (forhold 0.86) -18.15 LUFS, none: 'None' CER None (None) → ok
18:48:55 ✅ EOS token detected! Stopping generation at step 23
18:49:00 kald single k=1 t2 'en hval,': 6.5 s for 0.88 s lyd
18:49:00   noun.mt.whale t2: 0.49 s (forhold 0.78) -18.0 LUFS, none: 'None' CER None (None) → ok
18:49:02 ✅ EOS token detected! Stopping generation at step 27
18:49:07 kald single k=1 t2 'hundreder.': 7.2 s for 1.04 s lyd
18:49:08   noun.place.h.pl.end t2: 0.61 s (forhold 0.65) -18.0 LUFS, none: 'None' CER None (None) → ok
18:49:10 ✅ EOS token detected! Stopping generation at step 33
18:49:15 kald single k=1 t2 'hundreder,': 7.7 s for 1.28 s lyd
18:49:16   noun.place.h.pl.mid t2: 0.53 s (forhold 0.56) -18.0 LUFS, none: 'None' CER None (None) → ok
18:49:18 ✅ EOS token detected! Stopping generation at step 26
18:49:22 kald single k=1 t2 'hundrede.': 7.0 s for 1.00 s lyd
18:49:23   noun.place.h.sg.end t2: 0.61 s (forhold 0.65) -18.0 LUFS, none: 'None' CER None (None) → ok
18:49:24 forcing EOS token, long_tail=tensor(True), alignment_repetition=tensor(False), token_repetition=False
18:49:24 ✅ EOS token detected! Stopping generation at step 17
18:49:29 kald single k=1 t3 'tiere.': 5.9 s for 0.64 s lyd
18:49:29   noun.place.t.pl.end t3: 0.29 s (forhold 0.31) -18.09 LUFS, none: 'None' CER None (None) → FEJL varighed
18:49:30 ✅ EOS token detected! Stopping generation at step 19
18:49:35 kald single k=1 t2 'tier.': 6.1 s for 0.72 s lyd
18:49:35   noun.place.t.sg.end t2: 0.40 s (forhold 0.64) -18.0 LUFS, none: 'None' CER None (None) → ok
18:49:37 ✅ EOS token detected! Stopping generation at step 30
18:49:42 kald single k=1 t2 'sekskanter.': 7.2 s for 1.16 s lyd
18:49:43   noun.shape.hexagon.pl.end t2: 0.81 s (forhold 0.87) -18.14 LUFS, none: 'None' CER None (None) → ok
18:49:45 ✅ EOS token detected! Stopping generation at step 27
18:49:50 kald single k=1 t2 'sekskanter,': 7.0 s for 1.04 s lyd
18:49:50   noun.shape.hexagon.pl.mid t2: 0.80 s (forhold 0.85) -18.08 LUFS, none: 'None' CER None (None) → ok
18:49:52 ✅ EOS token detected! Stopping generation at step 35
18:49:57 kald single k=1 t2 'ottekanter.': 7.7 s for 1.36 s lyd
18:49:58   noun.shape.octagon.pl.end t2: 0.66 s (forhold 0.52) -18.0 LUFS, none: 'None' CER None (None) → ok
18:50:00 ✅ EOS token detected! Stopping generation at step 35
18:50:06 kald single k=1 t2 'ottekanter,': 7.9 s for 1.36 s lyd
18:50:06   noun.shape.octagon.pl.mid t2: 0.76 s (forhold 0.61) -18.0 LUFS, none: 'None' CER None (None) → ok
18:50:08 ✅ EOS token detected! Stopping generation at step 33
18:50:13 kald single k=1 t2 'femkanter.': 7.3 s for 1.28 s lyd
18:50:13   noun.shape.pentagon.pl.end t2: 0.69 s (forhold 0.73) -18.08 LUFS, none: 'None' CER None (None) → ok
18:50:16 ✅ EOS token detected! Stopping generation at step 35
18:50:21 kald single k=1 t2 'femkanter,': 7.7 s for 1.36 s lyd
18:50:21   noun.shape.pentagon.pl.mid t2: 0.71 s (forhold 0.76) -18.0 LUFS, none: 'None' CER None (None) → ok
18:50:25 ✅ EOS token detected! Stopping generation at step 45
18:50:30 kald single k=1 t2 'et rektangel,': 9.1 s for 1.76 s lyd
18:50:31   noun.shape.rectangle.indef.mid t2: 1.03 s (forhold 0.82) -18.0 LUFS, none: 'None' CER None (None) → ok
18:50:33 ✅ EOS token detected! Stopping generation at step 27
18:50:38 kald single k=1 t2 'romben.': 7.2 s for 1.04 s lyd
18:50:38   noun.shape.rhombus.def.end t2: 0.56 s (forhold 0.89) -18.13 LUFS, none: 'None' CER None (None) → ok
18:50:40 ✅ EOS token detected! Stopping generation at step 28
18:50:45 kald single k=1 t2 'romben,': 7.1 s for 1.08 s lyd
18:50:45   noun.shape.rhombus.def.mid t2: 0.53 s (forhold 0.84) -18.0 LUFS, none: 'None' CER None (None) → ok
18:50:48 ✅ EOS token detected! Stopping generation at step 33
18:50:53 kald single k=1 t2 'en rombe.': 7.5 s for 1.28 s lyd
18:50:53   noun.shape.rhombus.indef.end t2: 0.58 s (forhold 0.62) -18.0 LUFS, none: 'None' CER None (None) → ok
18:50:56 ✅ EOS token detected! Stopping generation at step 30
18:51:01 kald single k=1 t2 'en rombe,': 7.3 s for 1.16 s lyd
18:51:01   noun.shape.rhombus.indef.mid t2: 0.58 s (forhold 0.62) -18.0 LUFS, none: 'None' CER None (None) → ok
18:51:03 ✅ EOS token detected! Stopping generation at step 26
18:51:08 kald single k=1 t2 'romber.': 7.1 s for 1.00 s lyd
18:51:08   noun.shape.rhombus.pl.end t2: 0.46 s (forhold 0.74) -18.11 LUFS, none: 'None' CER None (None) → ok
18:51:10 ✅ EOS token detected! Stopping generation at step 30
18:51:15 kald single k=1 t2 'en halvcirkel,': 7.2 s for 1.16 s lyd
18:51:15   noun.shape.semicircle.indef.mid t2: 0.81 s (forhold 0.64) -18.0 LUFS, none: 'None' CER None (None) → ok
18:51:18 ✅ EOS token detected! Stopping generation at step 36
18:51:23 kald single k=1 t2 'trapezet,': 7.8 s for 1.40 s lyd
18:51:23   noun.shape.trapezoid.def.mid t2: 0.70 s (forhold 0.75) -18.0 LUFS, none: 'None' CER None (None) → ok
18:51:26 ✅ EOS token detected! Stopping generation at step 32
18:51:31 kald single k=1 t2 'keglen,': 7.4 s for 1.24 s lyd
18:51:31   noun.solid.cone.def.mid t2: 0.60 s (forhold 0.97) -18.17 LUFS, none: 'None' CER None (None) → ok
18:51:33 ✅ EOS token detected! Stopping generation at step 25
18:51:38 kald single k=1 t2 'kuglen.': 6.8 s for 0.96 s lyd
18:51:38   noun.solid.sphere.def.end t2: 0.61 s (forhold 0.97) -18.0 LUFS, none: 'None' CER None (None) → ok
18:51:41 ✅ EOS token detected! Stopping generation at step 34
18:51:46 kald single k=1 t2 'kuglen,': 7.6 s for 1.32 s lyd
18:51:46   noun.solid.sphere.def.mid t2: 0.59 s (forhold 0.94) -18.0 LUFS, none: 'None' CER None (None) → ok
18:51:48 ✅ EOS token detected! Stopping generation at step 23
18:51:53 kald single k=1 t2 'kugler.': 6.8 s for 0.88 s lyd
18:51:53   noun.solid.sphere.pl.end t2: 0.46 s (forhold 0.73) -18.06 LUFS, none: 'None' CER None (None) → ok
18:51:55 ✅ EOS token detected! Stopping generation at step 20
18:51:59 kald single k=1 t2 'gram.': 6.5 s for 0.76 s lyd
18:52:00   noun.unit.g.end t2: 0.25 s (forhold 0.80) -18.94 LUFS, none: 'None' CER None (None) → ok
18:52:02 ✅ EOS token detected! Stopping generation at step 22
18:52:06 kald single k=1 t2 'gram,': 6.6 s for 0.84 s lyd
18:52:07   noun.unit.g.mid t2: 0.25 s (forhold 0.79) -18.42 LUFS, none: 'None' CER None (None) → ok
18:52:08 ✅ EOS token detected! Stopping generation at step 19
18:52:13 kald single k=1 t2 'Bunken,': 6.2 s for 0.72 s lyd
18:52:13   s.kind.share.pile t2: 0.48 s (forhold 0.77) -18.08 LUFS, none: 'None' CER None (None) → ok
18:52:15 ✅ EOS token detected! Stopping generation at step 24
18:52:20 kald single k=1 t2 'Del,': 6.6 s for 0.92 s lyd
18:52:20   s.shareEqually.share t2: 0.31 s (forhold 1.00) -18.0 LUFS, none: 'None' CER None (None) → ok
18:52:20 sammensætning runde 2: 346 af 457 bestået
18:52:22   sammensat frag.betal + n.end.5: 'betalet 5' CER 0.250 (wav2vec2, whisper: 'Hospital 5') → FEJL
18:52:23   sammensat frag.betal + n.end.4: 'betal 4' CER 0.000 (wav2vec2) → ok
18:52:26   sammensat frag.det_er + hint.change.is: 'dr r' CER 0.571 (wav2vec2, whisper: 'DR R') → FEJL
18:52:28   sammensat frag.det_er + hint.missingPart10.countTo: 'Det er. Tæl op til' CER 0.000 (whisper, wav2vec2: 'det er tal op til') → ok
18:52:31   sammensat frag.det_er + hint.nl.andGo: 'det er at gå' CER 0.222 (wav2vec2, whisper: 'Det er at gå') → FEJL
18:52:33   sammensat frag.det_er + hint.nl.forward: 'Det er frem' CER 0.000 (whisper, wav2vec2: 'dter fim') → ok
18:52:35   sammensat frag.det_er + hint.place.worthEnd: 'det er hver' CER 0.333 (wav2vec2, whisper: 'Det er hver') → FEJL
18:52:38   sammensat frag.det_er + name.baby.fox: 'det er revehvalp' CER 0.071 (wav2vec2, whisper: 'Det er Revevalp') → FEJL
18:52:40   sammensat frag.det_er + name.baby.owl: 'det er ule unge' CER 0.077 (wav2vec2, whisper: 'Det er uleunge') → FEJL
18:52:42   sammensat frag.det_er + name.baby.squirrel: 'det er jeg norme' CER 0.429 (wav2vec2, whisper: 'Det er i januar') → FEJL
18:52:45   sammensat frag.det_er + name.breed.foal: 'det er en hjørningefy' CER 0.105 (wav2vec2, whisper: 'Det er en Hjørningefy') → FEJL
18:52:47   sammensat frag.det_er + name.color.fox.c3: 'Det er sølv' CER 0.000 (whisper, wav2vec2: 'deter serv') → ok
18:52:50   sammensat frag.det_er + name.color.fox.c5: 'det er gulerød' CER 0.083 (wav2vec2, whisper: 'Det er gulerød') → FEJL
18:52:52   sammensat frag.det_er + name.color.hamster.c1: 'det er apricose' CER 0.250 (wav2vec2, whisper: 'Det er aprikos') → FEJL
18:52:54   sammensat frag.det_er + name.color.horse.c1: 'det er fuxs' CER 0.111 (wav2vec2, whisper: 'Det er Fuchs') → FEJL
18:52:54   sammensat n.mid.3 + name.color.horse.c4: 'tre isabel' CER 0.000 (wav2vec2) → ok
18:52:56   sammensat frag.det_er + name.color.horse.c5: 'det er provet' CER 0.182 (wav2vec2, whisper: 'Det er på året') → FEJL
18:52:59   sammensat frag.det_er + name.color.unicorn.c4: 'det er mindt' CER 0.111 (wav2vec2, whisper: 'Det er ment') → FEJL
18:53:01   sammensat frag.det_er + name.decor.pynt-dam: 'Det er andedam' CER 0.000 (whisper, wav2vec2: 'det er anne dam') → ok
18:53:03   sammensat frag.det_er + name.item.fest-body: 'Det er festvest' CER 0.000 (whisper, wav2vec2: 'det er vest vest') → ok
18:53:05   sammensat frag.det_er + name.item.fest-head: 'det er fest' CER 0.250 (wav2vec2, whisper: 'Det er fest') → FEJL
18:53:08   sammensat frag.det_er + name.item.kongelig-back: 'det er kongekulben' CER 0.214 (wav2vec2, whisper: 'Det er kongekulbet') → FEJL
18:53:10   sammensat frag.det_er + name.item.kongelig-face: 'det er monopel' CER 0.083 (wav2vec2, whisper: 'Det er monopel') → FEJL
18:53:12   sammensat frag.det_er + name.item.ridder-back: 'det er ridderkarpet' CER 0.125 (wav2vec2, whisper: 'Det er ridderkappet') → FEJL
18:53:15   sammensat frag.det_er + name.item.rytter-hand: 'det er gulderåd' CER 0.167 (wav2vec2, whisper: 'Det er Gullerød') → FEJL
18:53:18   sammensat frag.det_er + name.item.rytter-head: 'Det er ridehjelm' CER 0.000 (whisper, wav2vec2: 'det er redehjelm') → ok
18:53:20   sammensat frag.det_er + name.item.talmagiker-body: 'det er tryllekjorte' CER 0.056 (wav2vec2, whisper: 'Det er tryllekortet') → FEJL
18:53:22   sammensat frag.det_er + name.item.talmagiker-neck: 'Det er Talamulet' CER 0.000 (whisper, wav2vec2: 'det er talamuligt') → ok
18:53:25   sammensat frag.det_er + name.item.vinter-head: 'det er palsu' CER 0.250 (wav2vec2, whisper: 'Det er Palshue') → FEJL
18:53:27   sammensat frag.det_er + name.region.w1-tal100: 'det er på noget marten' CER 0.368 (wav2vec2, whisper: 'Det er 100 af marken') → FEJL
18:53:30   sammensat frag.det_er + name.region.w1-tieren: 'det er 20broel' CER 0.071 (wav2vec2, whisper: 'Det er Tøvebroen') → FEJL
18:53:32   sammensat frag.det_er + name.region.w2-gange: 'det er gangekorten' CER 0.176 (wav2vec2, whisper: 'Det er gangekortet') → FEJL
18:53:35   sammensat frag.det_er + name.region.w2-hundreder: 'det er 100 broen' CER 0.000 (wav2vec2, whisper: 'Det er 100 af broen') → FEJL
18:53:37   sammensat frag.det_er + name.species.fox: 'det er rev' CER 0.125 (wav2vec2, whisper: 'Det er rev') → FEJL
18:53:39   sammensat frag.det_er + name.species.owl: 'det er olig' CER 0.444 (wav2vec2, whisper: 'Det er Ole') → FEJL
18:53:42   sammensat frag.det_er + name.species.unicorn: 'det er en hjørning' CER 0.000 (wav2vec2, whisper: 'Det er en hjørning') → FEJL
18:53:44   sammensat frag.det_er + noun.coin.100.def.mid: 'det er en kronen' CER 0.000 (wav2vec2, whisper: 'Det er en kronen') → FEJL
18:53:47   sammensat frag.det_er + noun.coin.100.indef.mid: 'det er en en kor' CER 0.214 (wav2vec2, whisper: 'Det er en en krog') → FEJL
18:53:49   sammensat frag.det_er + noun.coin.100.pl.end: 'det er en kroner' CER 0.000 (wav2vec2, whisper: 'Det er en kroner') → FEJL
18:53:51   sammensat frag.det_er + noun.coin.100.pl.mid: 'det er en krone' CER 0.077 (wav2vec2, whisper: 'Det er en krone') → FEJL
18:53:54   sammensat frag.det_er + noun.coin.1000.def.end: 'Det er Tikronen' CER 0.000 (whisper, wav2vec2: 'det er til kronen') → ok
18:53:54   sammensat frag.det_er + noun.coin.1000.indef.mid: 'det er en tikrone' CER 0.000 (wav2vec2) → ok
18:53:57   sammensat frag.det_er + noun.coin.10000.def.end: 'det er 100krontedelen' CER 0.174 (wav2vec2, whisper: 'Det er 100 kroner sædlen') → FEJL
18:54:00   sammensat frag.det_er + noun.coin.10000.def.mid: 'det er 1u0kron isedlen' CER 0.304 (wav2vec2, whisper: 'Det er 100 kroner sædlen') → FEJL
18:54:03   sammensat frag.det_er + noun.coin.10000.indef.mid: 'det er en 100 kronsædddel' CER 0.160 (wav2vec2, whisper: 'Det er en 100 kroner seddel') → FEJL
18:54:05   sammensat frag.det_er + noun.coin.10000.pl.end: 'det er 100 kronsedler' CER 0.087 (wav2vec2, whisper: 'Det er 100 kroner sedler') → FEJL
18:54:08   sammensat frag.det_er + noun.coin.10000.pl.mid: 'det er 100 kronsedler' CER 0.087 (wav2vec2, whisper: 'Det er 100 kroner sedler') → FEJL
18:54:08   sammensat frag.det_er + noun.coin.200.pl.end: 'det er tokroner' CER 0.000 (wav2vec2) → ok
18:54:11   sammensat frag.det_er + noun.coin.2000.def.end: 'det er 20 kroe' CER 0.133 (wav2vec2, whisper: 'Det er 20 kroner') → FEJL
18:54:13   sammensat frag.det_er + noun.coin.2000.def.mid: 'det er 20 kronen' CER 0.000 (wav2vec2, whisper: 'Det er 20 kroner') → FEJL
18:54:16   sammensat frag.det_er + noun.coin.2000.pl.end: 'det er 20 kror' CER 0.133 (wav2vec2, whisper: 'Det er kævekroner') → FEJL
18:54:19   sammensat frag.det_er + noun.coin.2000.pl.mid: 'det er 20 krer' CER 0.133 (wav2vec2, whisper: 'Det er 20 kroner') → FEJL
18:54:22   sammensat frag.det_er + noun.coin.20000.def.end: 'det er 200 kron sellen' CER 0.120 (wav2vec2, whisper: 'Det er 200 kroner sælgen') → FEJL
18:54:24   sammensat frag.det_er + noun.coin.20000.def.mid: 'det er 200 kroneseden' CER 0.080 (wav2vec2, whisper: 'Det er 200 kr sæden') → FEJL
18:54:27   sammensat frag.det_er + noun.coin.20000.indef.mid: 'det er en 200 kroneseddel' CER 0.037 (wav2vec2, whisper: 'Det er en 200 kroner seddel') → FEJL
18:54:30   sammensat frag.det_er + noun.coin.20000.pl.end: 'det er 200 kroncedler' CER 0.120 (wav2vec2, whisper: 'Det er 200 kroner sæler') → FEJL
18:54:32   sammensat frag.det_er + noun.coin.20000.pl.mid: 'det er 200 kronsedler' CER 0.080 (wav2vec2, whisper: 'Det er 200 kroner sedler') → FEJL
18:54:34   sammensat frag.det_er + noun.coin.50.def.end: 'det er 50øerne' CER 0.167 (wav2vec2, whisper: 'Det er 50 øerne') → FEJL
18:54:37   sammensat frag.det_er + noun.coin.50.def.mid: 'det er 50øern' CER 0.111 (wav2vec2, whisper: 'Det er 50 øerne') → FEJL
18:54:39   sammensat frag.det_er + noun.coin.50.indef.mid: 'det er en 50 sører' CER 0.105 (wav2vec2, whisper: 'Det er en halvtreds øre') → FEJL
18:54:42   sammensat frag.det_er + noun.coin.50.pl.end: 'det er 50 ører' CER 0.000 (wav2vec2, whisper: 'Det er 50 øer') → FEJL
18:54:44   sammensat frag.det_er + noun.coin.50.pl.mid: 'det er 50 yrer' CER 0.056 (wav2vec2, whisper: 'Det er 50 øer') → FEJL
18:54:46   sammensat frag.det_er + noun.coin.500.def.mid: 'det er 5kronen' CER 0.000 (wav2vec2, whisper: 'Det er 5 kroner') → FEJL
18:54:49   sammensat frag.det_er + noun.coin.500.pl.end: 'det er 5 kre' CER 0.214 (wav2vec2, whisper: 'Det er 5 kroner') → FEJL
18:54:51   sammensat frag.det_er + noun.coin.500.pl.mid: 'det er 5 kr' CER 0.286 (wav2vec2, whisper: 'Det er 5 kroner') → FEJL
18:54:54   sammensat frag.det_er + noun.coin.5000.def.end: 'det er 50 kronisedlen' CER 0.040 (wav2vec2, whisper: 'Det er 50 kroner i sedlen') → FEJL
18:54:57   sammensat frag.det_er + noun.coin.5000.def.mid: 'det er 50 kronsedlen' CER 0.040 (wav2vec2, whisper: 'Det er 50 kroner sædlen') → FEJL
18:54:59   sammensat frag.det_er + noun.coin.5000.indef.mid: 'det er en 50 kron sidddel' CER 0.111 (wav2vec2, whisper: 'Det er en 50 kroner sæd') → FEJL
18:55:02   sammensat frag.det_er + noun.coin.5000.pl.end: 'det er 50 kronsedler' CER 0.040 (wav2vec2, whisper: 'Det er 50 kroner sedler') → FEJL
18:55:05   sammensat frag.det_er + noun.coin.5000.pl.mid: 'det er 50 kronsedler' CER 0.040 (wav2vec2, whisper: 'Det er 50 kroner sedler') → FEJL
18:55:08   sammensat frag.det_er + noun.coin.50000.def.end: 'det er 500 kron i sedien' CER 0.115 (wav2vec2, whisper: 'Det er 500 kroner i sedlen') → FEJL
18:55:11   sammensat frag.det_er + noun.coin.50000.def.mid: 'det er 500 kron i sædlen' CER 0.115 (wav2vec2, whisper: 'Det er 500 kroner i sedlen') → FEJL
18:55:13   sammensat frag.det_er + noun.coin.50000.indef.mid: 'det er en 500 kronsæddel' CER 0.107 (wav2vec2, whisper: 'Det er en 500 kroner seddel') → FEJL
18:55:16   sammensat frag.det_er + noun.coin.50000.pl.end: 'det er 500 kronesedler' CER 0.038 (wav2vec2, whisper: 'Det er 500 kroner i sedler') → FEJL
18:55:19   sammensat frag.det_er + noun.coin.50000.pl.mid: 'det er 500 kronesedler' CER 0.038 (wav2vec2, whisper: 'Det er 500 kroner i sedler') → FEJL
18:55:21   sammensat frag.det_er + noun.digit.1.end: 'det er et tallet' CER 0.077 (wav2vec2, whisper: 'Det er et tallet') → FEJL
18:55:24   sammensat frag.det_er + noun.digit.1.mid: 'det er et tallet' CER 0.077 (wav2vec2, whisper: 'Det er et tallet') → FEJL
18:55:24   sammensat frag.det_er + noun.digit.2.end: 'det er totallet' CER 0.000 (wav2vec2) → ok
18:55:24   sammensat frag.det_er + noun.digit.4.mid: 'det er firetallet' CER 0.000 (wav2vec2) → ok
18:55:24   sammensat frag.det_er + noun.digit.7.end: 'det er syvtallet' CER 0.000 (wav2vec2) → ok
18:55:26   sammensat frag.det_er + noun.mt.comb: 'det er én kamp' CER 0.100 (wav2vec2, whisper: 'Det er én kamp') → FEJL
18:55:29   sammensat frag.det_er + noun.mt.whale: 'det er en væg' CER 0.273 (wav2vec2, whisper: 'Det er en vag') → FEJL
18:55:31   sammensat frag.det_er + noun.place.h.pl.end: 'det er hun rødder' CER 0.214 (wav2vec2, whisper: 'Det er hun røder') → FEJL
18:55:34   sammensat frag.det_er + noun.place.h.pl.mid: 'det er bonøder' CER 0.357 (wav2vec2, whisper: 'Det er hun hører') → FEJL
18:55:36   sammensat frag.det_er + noun.place.h.sg.end: 'det er på nvede' CER 0.308 (wav2vec2, whisper: 'Det er hun røde') → FEJL
18:55:38   sammensat frag.det_er + noun.place.t.sg.end: 'det er t0er' CER 0.333 (wav2vec2, whisper: 'Det er 10'er') → FEJL
18:55:41   sammensat frag.det_er + noun.shape.hexagon.pl.end: 'det er 6 kanter' CER 0.000 (wav2vec2, whisper: 'Det er seks kanter') → FEJL
18:55:43   sammensat frag.det_er + noun.shape.hexagon.pl.mid: 'det er 6 kanter' CER 0.000 (wav2vec2, whisper: 'Det er seks kanter') → FEJL
18:55:46   sammensat frag.det_er + noun.shape.octagon.pl.end: 'det er 8 kanter' CER 0.000 (wav2vec2, whisper: 'Det er 8 kanter') → FEJL
18:55:48   sammensat frag.det_er + noun.shape.octagon.pl.mid: 'det er 8 kanter' CER 0.000 (wav2vec2, whisper: 'Det er 8 kanter') → FEJL
18:55:50   sammensat frag.det_er + noun.shape.pentagon.pl.end: 'det er 5 kanter' CER 0.000 (wav2vec2, whisper: 'Det er fem kanter') → FEJL
18:55:53   sammensat frag.det_er + noun.shape.pentagon.pl.mid: 'det er 5kanter' CER 0.000 (wav2vec2, whisper: 'Det er fem kanter') → FEJL
18:55:55   sammensat frag.det_er + noun.shape.rectangle.indef.mid: 'Det er et rektangel' CER 0.000 (whisper, wav2vec2: 'det er et rik tangæld') → ok
18:55:58   sammensat frag.det_er + noun.shape.rhombus.def.end: 'det er homben' CER 0.091 (wav2vec2, whisper: 'Det er Homben') → FEJL
18:56:00   sammensat frag.det_er + noun.shape.rhombus.def.mid: 'det er rompen' CER 0.091 (wav2vec2, whisper: 'Det er rompen') → FEJL
18:56:02   sammensat frag.det_er + noun.shape.rhombus.indef.end: 'det er en rompe' CER 0.083 (wav2vec2, whisper: 'Det er en rompe') → FEJL
18:56:05   sammensat frag.det_er + noun.shape.rhombus.indef.mid: 'det er en rompe' CER 0.083 (wav2vec2, whisper: 'Det er en rompe') → FEJL
18:56:05   sammensat frag.det_er + noun.shape.rhombus.pl.end: 'det er romber' CER 0.000 (wav2vec2) → ok
18:56:07   sammensat frag.det_er + noun.shape.semicircle.indef.mid: 'det er en halvcirdø' CER 0.176 (wav2vec2, whisper: 'Det er en halvcirkus') → FEJL
18:56:10   sammensat frag.det_er + noun.shape.trapezoid.def.mid: 'Det er trapezet' CER 0.000 (whisper, wav2vec2: 'det er trapeset') → ok
18:56:12   sammensat frag.det_er + noun.solid.cone.def.mid: 'det er karen' CER 0.273 (wav2vec2, whisper: 'Det er kajen') → FEJL
18:56:14   sammensat frag.det_er + noun.solid.sphere.def.end: 'det er koen' CER 0.273 (wav2vec2, whisper: 'Det er Coen') → FEJL
18:56:17   sammensat frag.det_er + noun.solid.sphere.def.mid: 'det er coyn' CER 0.455 (wav2vec2, whisper: 'Det er Coen') → FEJL
18:56:19   sammensat frag.det_er + noun.solid.sphere.pl.end: 'det er koler' CER 0.182 (wav2vec2, whisper: 'Det er cola') → FEJL
18:56:21   sammensat frag.det_er + noun.unit.g.end: 'det er kram' CER 0.111 (wav2vec2, whisper: 'Det er kramp') → FEJL
18:56:24   sammensat frag.det_er + noun.unit.g.mid: 'det er kram' CER 0.111 (wav2vec2, whisper: 'Det er kramp') → FEJL
18:56:26   sammensat frag.det_er + s.kind.share.pile: 'det er bunku' CER 0.182 (wav2vec2, whisper: 'Det er bomben') → FEJL
18:56:26   sammensat frag.det_er + s.shareEqually.share: 'det er del' CER 0.000 (wav2vec2) → ok
18:56:29 ✅ EOS token detected! Stopping generation at step 32
18:56:34 kald single k=1 t4 'Betal,': 7.7 s for 1.24 s lyd
18:56:34   frag.betal t4: 0.54 s (forhold 0.87) -18.0 LUFS, none: 'None' CER None (None) → ok
18:56:36 forcing EOS token, long_tail=tensor(True), alignment_repetition=False, token_repetition=False
18:56:36 ✅ EOS token detected! Stopping generation at step 24
18:56:41 kald single k=1 t3 'er,': 6.9 s for 0.92 s lyd
18:56:41   hint.change.is t3: 0.33 s (forhold 1.05) -18.0 LUFS, none: 'None' CER None (None) → ok
18:56:43 ✅ EOS token detected! Stopping generation at step 21
18:56:48 kald single k=1 t3 'og gå,': 6.4 s for 0.80 s lyd
18:56:48   hint.nl.andGo t3: 0.35 s (forhold 0.56) -18.11 LUFS, none: 'None' CER None (None) → ok
18:56:50 ✅ EOS token detected! Stopping generation at step 25
18:56:55 kald single k=1 t3 'værd.': 6.8 s for 0.96 s lyd
18:56:55   hint.place.worthEnd t3: 0.35 s (forhold 1.14) -18.0 LUFS, none: 'None' CER None (None) → ok
18:56:58 ✅ EOS token detected! Stopping generation at step 38
18:57:03 kald single k=1 t3 'rævehvalp': 8.1 s for 1.48 s lyd
18:57:03   name.baby.fox t3: 0.78 s (forhold 0.83) -18.0 LUFS, none: 'None' CER None (None) → ok
18:57:05 ✅ EOS token detected! Stopping generation at step 31
18:57:11 kald single k=1 t3 'ugleunge': 7.5 s for 1.20 s lyd
18:57:11   name.baby.owl t3: 0.72 s (forhold 0.77) -18.0 LUFS, none: 'None' CER None (None) → ok
18:57:13 ✅ EOS token detected! Stopping generation at step 33
18:57:18 kald single k=1 t3 'egernunge': 7.7 s for 1.28 s lyd
18:57:19   name.baby.squirrel t3: 0.64 s (forhold 0.51) -18.0 LUFS, none: 'None' CER None (None) → ok
18:57:22 ✅ EOS token detected! Stopping generation at step 41
18:57:27 kald single k=1 t3 'enhjørningeføl': 8.4 s for 1.60 s lyd
18:57:27   name.breed.foal t3: 0.94 s (forhold 0.60) -18.0 LUFS, none: 'None' CER None (None) → ok
18:57:29 forcing EOS token, long_tail=tensor(True), alignment_repetition=tensor(False), token_repetition=False
18:57:29 ✅ EOS token detected! Stopping generation at step 20
18:57:34 kald single k=1 t4 'polar': 6.5 s for 0.76 s lyd
18:57:34   name.color.fox.c2 t4: 0.22 s (forhold 0.36) -18.0 LUFS, none: 'None' CER None (None) → FEJL varighed
18:57:36 ✅ EOS token detected! Stopping generation at step 25
18:57:41 kald single k=1 t3 'guldrød': 6.6 s for 0.96 s lyd
18:57:41   name.color.fox.c5 t3: 0.46 s (forhold 0.74) -18.0 LUFS, none: 'None' CER None (None) → ok
18:57:43 forcing EOS token, long_tail=tensor(True), alignment_repetition=tensor(False), token_repetition=False
18:57:43 ✅ EOS token detected! Stopping generation at step 32
18:57:48 kald single k=1 t3 'abrikos': 7.2 s for 1.24 s lyd
18:57:48   name.color.hamster.c1 t3: 0.81 s (forhold 0.87) -18.02 LUFS, none: 'None' CER None (None) → ok
18:57:50 forcing EOS token, long_tail=tensor(True), alignment_repetition=tensor(False), token_repetition=False
18:57:50 ✅ EOS token detected! Stopping generation at step 27
18:57:55 kald single k=1 t3 'fuks': 7.1 s for 1.04 s lyd
18:57:56   name.color.horse.c1 t3: 0.52 s (forhold 1.67) -18.0 LUFS, none: 'None' CER None (None) → ok
18:57:58 ✅ EOS token detected! Stopping generation at step 28
18:58:03 kald single k=1 t3 'broget': 7.4 s for 1.08 s lyd
18:58:03   name.color.horse.c5 t3: 0.47 s (forhold 0.75) -18.0 LUFS, none: 'None' CER None (None) → ok
18:58:05 ✅ EOS token detected! Stopping generation at step 30
18:58:10 kald single k=1 t3 'mint': 7.1 s for 1.16 s lyd
18:58:10   name.color.unicorn.c4 t3: 0.46 s (forhold 1.48) -18.0 LUFS, none: 'None' CER None (None) → ok
18:58:12 forcing EOS token, long_tail=tensor(True), alignment_repetition=tensor(False), token_repetition=False
18:58:12 ✅ EOS token detected! Stopping generation at step 26
18:58:17 kald single k=1 t3 'Festhat': 6.7 s for 1.00 s lyd
18:58:17   name.item.fest-head t3: 0.28 s (forhold 0.44) -18.0 LUFS, none: 'None' CER None (None) → ok
18:58:20 ✅ EOS token detected! Stopping generation at step 33
18:58:25 kald single k=1 t3 'Kongekåbe': 7.4 s for 1.28 s lyd
18:58:25   name.item.kongelig-back t3: 0.81 s (forhold 0.64) -18.16 LUFS, none: 'None' CER None (None) → ok
18:58:27 ✅ EOS token detected! Stopping generation at step 25
18:58:32 kald single k=1 t3 'Monokel': 6.8 s for 0.96 s lyd
18:58:32   name.item.kongelig-face t3: 0.60 s (forhold 0.64) -18.0 LUFS, none: 'None' CER None (None) → ok
18:58:34 ✅ EOS token detected! Stopping generation at step 30
18:58:39 kald single k=1 t3 'Ridderkappe': 7.3 s for 1.16 s lyd
18:58:40   name.item.ridder-back t3: 0.78 s (forhold 0.63) -18.1 LUFS, none: 'None' CER None (None) → ok
18:58:41 ✅ EOS token detected! Stopping generation at step 24
18:58:46 kald single k=1 t3 'Gulerod': 6.7 s for 0.92 s lyd
18:58:46   name.item.rytter-hand t3: 0.51 s (forhold 0.55) -18.0 LUFS, none: 'None' CER None (None) → ok
18:58:49 ✅ EOS token detected! Stopping generation at step 37
18:58:54 kald single k=1 t3 'Tryllekjortel': 7.8 s for 1.44 s lyd
18:58:54   name.item.talmagiker-body t3: 0.81 s (forhold 0.65) -18.0 LUFS, none: 'None' CER None (None) → ok
18:58:57 ✅ EOS token detected! Stopping generation at step 36
18:59:02 kald single k=1 t3 'Pelshue': 8.0 s for 1.40 s lyd
18:59:03   name.item.vinter-head t3: 0.69 s (forhold 0.74) -18.08 LUFS, none: 'None' CER None (None) → ok
18:59:06 ✅ EOS token detected! Stopping generation at step 38
18:59:11 kald single k=1 t3 'Hundredemarken': 8.1 s for 1.48 s lyd
18:59:11   name.region.w1-tal100 t3: 0.84 s (forhold 0.54) -18.0 LUFS, none: 'None' CER None (None) → ok
18:59:14 ✅ EOS token detected! Stopping generation at step 34
18:59:19 kald single k=1 t3 'Tyvebroen': 7.8 s for 1.32 s lyd
18:59:19   name.region.w1-tieren t3: 0.70 s (forhold 0.56) -18.0 LUFS, none: 'None' CER None (None) → ok
18:59:22 ✅ EOS token detected! Stopping generation at step 36
18:59:27 kald single k=1 t3 'Gangegrotten': 7.7 s for 1.40 s lyd
18:59:27   name.region.w2-gange t3: 0.76 s (forhold 0.61) -18.07 LUFS, none: 'None' CER None (None) → ok
18:59:29 ✅ EOS token detected! Stopping generation at step 32
18:59:35 kald single k=1 t3 'Hundredebroen': 7.5 s for 1.24 s lyd
18:59:35   name.region.w2-hundreder t3: 0.95 s (forhold 0.61) -18.0 LUFS, none: 'None' CER None (None) → ok
18:59:37 ✅ EOS token detected! Stopping generation at step 23
18:59:41 kald single k=1 t3 'Ræv': 6.7 s for 0.88 s lyd
18:59:42   name.species.fox t3: 0.41 s (forhold 1.32) -18.0 LUFS, none: 'None' CER None (None) → ok
18:59:43 ✅ EOS token detected! Stopping generation at step 20
18:59:48 kald single k=1 t3 'Ugle': 6.4 s for 0.76 s lyd
18:59:48   name.species.owl t3: 0.38 s (forhold 0.60) -18.0 LUFS, none: 'None' CER None (None) → ok
18:59:51 ✅ EOS token detected! Stopping generation at step 31
18:59:55 kald single k=1 t3 'Enhjørning': 7.3 s for 1.20 s lyd
18:59:56   name.species.unicorn t3: 0.67 s (forhold 0.71) -18.0 LUFS, none: 'None' CER None (None) → ok
18:59:58 ✅ EOS token detected! Stopping generation at step 36
19:00:04 kald single k=1 t3 'enkronen,': 7.9 s for 1.40 s lyd
19:00:04   noun.coin.100.def.mid t3: 0.72 s (forhold 0.77) -18.0 LUFS, none: 'None' CER None (None) → ok
19:00:07 forcing EOS token, long_tail=tensor(True), alignment_repetition=tensor(False), token_repetition=False
19:00:07 ✅ EOS token detected! Stopping generation at step 37
19:00:12 kald single k=1 t3 'en enkrone,': 7.7 s for 1.44 s lyd
19:00:12   noun.coin.100.indef.mid t3: 0.86 s (forhold 0.69) -18.1 LUFS, none: 'None' CER None (None) → ok
19:00:14 ✅ EOS token detected! Stopping generation at step 32
19:00:19 kald single k=1 t3 'enkroner.': 7.3 s for 1.24 s lyd
19:00:19   noun.coin.100.pl.end t3: 0.68 s (forhold 0.73) -18.0 LUFS, none: 'None' CER None (None) → ok
19:00:22 ✅ EOS token detected! Stopping generation at step 31
19:00:26 kald single k=1 t3 'enkroner,': 7.1 s for 1.20 s lyd
19:00:27   noun.coin.100.pl.mid t3: 0.67 s (forhold 0.71) -18.0 LUFS, none: 'None' CER None (None) → ok
19:00:30 ✅ EOS token detected! Stopping generation at step 40
19:00:35 kald single k=1 t3 'hundredkronesedlen.': 8.5 s for 1.56 s lyd
19:00:35   noun.coin.10000.def.end t3: 1.18 s (forhold 0.63) -18.0 LUFS, none: 'None' CER None (None) → ok
19:00:39 ✅ EOS token detected! Stopping generation at step 45
19:00:44 kald single k=1 t3 'hundredkronesedlen,': 8.8 s for 1.76 s lyd
19:00:44   noun.coin.10000.def.mid t3: 1.11 s (forhold 0.59) -18.0 LUFS, none: 'None' CER None (None) → ok
19:00:48 ✅ EOS token detected! Stopping generation at step 43
19:00:53 kald single k=1 t3 'en hundredkroneseddel,': 8.6 s for 1.68 s lyd
19:00:53   noun.coin.10000.indef.mid t3: 1.16 s (forhold 0.53) -18.0 LUFS, none: 'None' CER None (None) → ok
19:00:56 ✅ EOS token detected! Stopping generation at step 38
19:01:01 kald single k=1 t3 'hundredkronesedler.': 7.8 s for 1.48 s lyd
19:01:01   noun.coin.10000.pl.end t3: 1.07 s (forhold 0.57) -18.0 LUFS, none: 'None' CER None (None) → ok
19:01:04 ✅ EOS token detected! Stopping generation at step 42
19:01:10 kald single k=1 t3 'hundredkronesedler,': 8.4 s for 1.64 s lyd
19:01:10   noun.coin.10000.pl.mid t3: 1.10 s (forhold 0.59) -18.0 LUFS, none: 'None' CER None (None) → ok
19:01:13 forcing EOS token, long_tail=tensor(True), alignment_repetition=tensor(False), token_repetition=False
19:01:13 ✅ EOS token detected! Stopping generation at step 42
19:01:18 kald single k=1 t3 'tyvekronen.': 8.5 s for 1.64 s lyd
19:01:19   noun.coin.2000.def.end t3: 0.85 s (forhold 0.68) -18.0 LUFS, none: 'None' CER None (None) → ok
19:01:21 forcing EOS token, long_tail=tensor(True), alignment_repetition=tensor(False), token_repetition=False
19:01:21 ✅ EOS token detected! Stopping generation at step 35
19:01:26 kald single k=1 t3 'tyvekronen,': 7.9 s for 1.36 s lyd
19:01:27   noun.coin.2000.def.mid t3: 0.82 s (forhold 0.66) -18.0 LUFS, none: 'None' CER None (None) → ok
19:01:29 ✅ EOS token detected! Stopping generation at step 35
19:01:35 kald single k=1 t3 'tyvekroner.': 7.9 s for 1.36 s lyd
19:01:35   noun.coin.2000.pl.end t3: 0.74 s (forhold 0.59) -18.0 LUFS, none: 'None' CER None (None) → ok
19:01:38 ✅ EOS token detected! Stopping generation at step 37
19:01:43 kald single k=1 t3 'tyvekroner,': 8.0 s for 1.44 s lyd
19:01:43   noun.coin.2000.pl.mid t3: 0.73 s (forhold 0.58) -18.0 LUFS, none: 'None' CER None (None) → ok
19:01:47 ✅ EOS token detected! Stopping generation at step 50
19:01:52 kald single k=1 t3 'tohundredkronesedlen.': 9.5 s for 1.96 s lyd
19:01:53   noun.coin.20000.def.end t3: 1.35 s (forhold 0.62) -18.04 LUFS, none: 'None' CER None (None) → ok
19:01:57 ✅ EOS token detected! Stopping generation at step 52
19:02:03 kald single k=1 t3 'tohundredkronesedlen,': 9.9 s for 2.04 s lyd
19:02:03   noun.coin.20000.def.mid t3: 1.23 s (forhold 0.56) -18.04 LUFS, none: 'None' CER None (None) → ok
19:02:07 ✅ EOS token detected! Stopping generation at step 53
19:02:13 kald single k=1 t3 'en tohundredkroneseddel,': 10.0 s for 2.08 s lyd
19:02:13   noun.coin.20000.indef.mid t3: 1.43 s (forhold 0.57) -18.0 LUFS, none: 'None' CER None (None) → ok
19:02:17 ✅ EOS token detected! Stopping generation at step 50
19:02:22 kald single k=1 t3 'tohundredkronesedler.': 9.1 s for 1.96 s lyd
19:02:23   noun.coin.20000.pl.end t3: 1.28 s (forhold 0.59) -18.0 LUFS, none: 'None' CER None (None) → ok
19:02:26 ✅ EOS token detected! Stopping generation at step 44
19:02:32 kald single k=1 t3 'tohundredkronesedler,': 8.9 s for 1.72 s lyd
19:02:32   noun.coin.20000.pl.mid t3: 1.22 s (forhold 0.56) -18.04 LUFS, none: 'None' CER None (None) → ok
19:02:35 ✅ EOS token detected! Stopping generation at step 37
19:02:40 kald single k=1 t3 'halvtredsøren.': 7.8 s for 1.44 s lyd
19:02:40   noun.coin.50.def.end t3: 0.77 s (forhold 0.62) -18.0 LUFS, none: 'None' CER None (None) → ok
19:02:43 ✅ EOS token detected! Stopping generation at step 37
19:02:48 kald single k=1 t3 'halvtredsøren,': 7.7 s for 1.44 s lyd
19:02:48   noun.coin.50.def.mid t3: 0.79 s (forhold 0.63) -18.0 LUFS, none: 'None' CER None (None) → ok
19:02:51 ✅ EOS token detected! Stopping generation at step 43
19:02:56 kald single k=1 t3 'en halvtredsøre,': 8.5 s for 1.68 s lyd
19:02:57   noun.coin.50.indef.mid t3: 0.97 s (forhold 0.62) -18.0 LUFS, none: 'None' CER None (None) → ok
19:02:59 ✅ EOS token detected! Stopping generation at step 35
19:03:04 kald single k=1 t3 'halvtredsører.': 7.8 s for 1.36 s lyd
19:03:05   noun.coin.50.pl.end t3: 0.82 s (forhold 0.66) -18.0 LUFS, none: 'None' CER None (None) → ok
19:03:07 ✅ EOS token detected! Stopping generation at step 38
19:03:12 kald single k=1 t3 'halvtredsører,': 7.7 s for 1.48 s lyd
19:03:13   noun.coin.50.pl.mid t3: 0.79 s (forhold 0.63) -18.0 LUFS, none: 'None' CER None (None) → ok
19:03:15 ✅ EOS token detected! Stopping generation at step 31
19:03:20 kald single k=1 t3 'femkronen,': 7.2 s for 1.20 s lyd
19:03:20   noun.coin.500.def.mid t3: 0.90 s (forhold 0.95) -18.11 LUFS, none: 'None' CER None (None) → ok
19:03:23 ✅ EOS token detected! Stopping generation at step 35
19:03:28 kald single k=1 t3 'femkroner.': 7.6 s for 1.36 s lyd
19:03:28   noun.coin.500.pl.end t3: 0.68 s (forhold 0.72) -18.1 LUFS, none: 'None' CER None (None) → ok
19:03:30 ✅ EOS token detected! Stopping generation at step 34
19:03:35 kald single k=1 t3 'femkroner,': 7.7 s for 1.32 s lyd
19:03:36   noun.coin.500.pl.mid t3: 0.71 s (forhold 0.75) -18.1 LUFS, none: 'None' CER None (None) → ok
19:03:39 ✅ EOS token detected! Stopping generation at step 43
19:03:44 kald single k=1 t3 'halvtredskronesedlen.': 8.7 s for 1.68 s lyd
19:03:45   noun.coin.5000.def.end t3: 1.18 s (forhold 0.63) -18.0 LUFS, none: 'None' CER None (None) → ok
19:03:48 ✅ EOS token detected! Stopping generation at step 38
19:03:53 kald single k=1 t3 'halvtredskronesedlen,': 8.1 s for 1.48 s lyd
19:03:53   noun.coin.5000.def.mid t3: 1.15 s (forhold 0.61) -18.0 LUFS, none: 'None' CER None (None) → ok
19:03:57 ✅ EOS token detected! Stopping generation at step 50
19:04:02 kald single k=1 t3 'en halvtredskroneseddel,': 9.5 s for 1.96 s lyd
19:04:03   noun.coin.5000.indef.mid t3: 1.36 s (forhold 0.62) -18.13 LUFS, none: 'None' CER None (None) → ok
19:04:06 ✅ EOS token detected! Stopping generation at step 45
19:04:11 kald single k=1 t3 'halvtredskronesedler.': 8.6 s for 1.76 s lyd
19:04:12   noun.coin.5000.pl.end t3: 1.11 s (forhold 0.59) -18.0 LUFS, none: 'None' CER None (None) → ok
19:04:15 ✅ EOS token detected! Stopping generation at step 45
19:04:20 kald single k=1 t3 'halvtredskronesedler,': 8.5 s for 1.76 s lyd
19:04:20   noun.coin.5000.pl.mid t3: 1.10 s (forhold 0.59) -18.0 LUFS, none: 'None' CER None (None) → ok
19:04:24 ✅ EOS token detected! Stopping generation at step 53
19:04:30 kald single k=1 t3 'femhundredkronesedlen.': 9.4 s for 2.08 s lyd
19:04:30   noun.coin.50000.def.end t3: 1.42 s (forhold 0.65) -18.07 LUFS, none: 'None' CER None (None) → ok
19:04:34 ✅ EOS token detected! Stopping generation at step 52
19:04:40 kald single k=1 t3 'femhundredkronesedlen,': 9.7 s for 2.04 s lyd
19:04:40   noun.coin.50000.def.mid t3: 1.35 s (forhold 0.62) -18.05 LUFS, none: 'None' CER None (None) → ok
19:04:44 ✅ EOS token detected! Stopping generation at step 53
19:04:50 kald single k=1 t3 'en femhundredkroneseddel,': 9.5 s for 2.08 s lyd
19:04:50   noun.coin.50000.indef.mid t3: 1.52 s (forhold 0.61) -18.17 LUFS, none: 'None' CER None (None) → ok
19:04:54 ✅ EOS token detected! Stopping generation at step 51
19:05:00 kald single k=1 t3 'femhundredkronesedler.': 9.8 s for 2.00 s lyd
19:05:00   noun.coin.50000.pl.end t3: 1.35 s (forhold 0.62) -18.09 LUFS, none: 'None' CER None (None) → ok
19:05:04 ✅ EOS token detected! Stopping generation at step 51
19:05:10 kald single k=1 t3 'femhundredkronesedler,': 9.4 s for 2.00 s lyd
19:05:10   noun.coin.50000.pl.mid t3: 1.25 s (forhold 0.57) -18.09 LUFS, none: 'None' CER None (None) → ok
19:05:12 ✅ EOS token detected! Stopping generation at step 29
19:05:17 kald single k=1 t3 'ettallet.': 6.9 s for 1.12 s lyd
19:05:17   noun.digit.1.end t3: 0.57 s (forhold 0.61) -18.09 LUFS, none: 'None' CER None (None) → ok
19:05:19 ✅ EOS token detected! Stopping generation at step 31
19:05:24 kald single k=1 t3 'ettallet,': 7.1 s for 1.20 s lyd
19:05:24   noun.digit.1.mid t3: 0.57 s (forhold 0.61) -18.0 LUFS, none: 'None' CER None (None) → ok
19:05:27 ✅ EOS token detected! Stopping generation at step 29
19:05:31 kald single k=1 t3 'en kam,': 7.0 s for 1.12 s lyd
19:05:32   noun.mt.comb t3: 0.45 s (forhold 0.71) -18.1 LUFS, none: 'None' CER None (None) → ok
19:05:34 ✅ EOS token detected! Stopping generation at step 23
19:05:38 kald single k=1 t3 'en hval,': 6.6 s for 0.88 s lyd
19:05:38   noun.mt.whale t3: 0.51 s (forhold 0.81) -18.0 LUFS, none: 'None' CER None (None) → ok
19:05:41 ✅ EOS token detected! Stopping generation at step 32
19:05:46 kald single k=1 t3 'hundreder.': 7.4 s for 1.24 s lyd
19:05:46   noun.place.h.pl.end t3: 0.61 s (forhold 0.65) -18.0 LUFS, none: 'None' CER None (None) → ok
19:05:49 ✅ EOS token detected! Stopping generation at step 33
19:05:54 kald single k=1 t3 'hundreder,': 7.6 s for 1.28 s lyd
19:05:54   noun.place.h.pl.mid t3: 0.60 s (forhold 0.64) -18.0 LUFS, none: 'None' CER None (None) → ok
19:05:56 ✅ EOS token detected! Stopping generation at step 25
19:06:01 kald single k=1 t3 'hundrede.': 6.8 s for 0.96 s lyd
19:06:01   noun.place.h.sg.end t3: 0.57 s (forhold 0.61) -18.0 LUFS, none: 'None' CER None (None) → ok
19:06:02 forcing EOS token, long_tail=tensor(True), alignment_repetition=tensor(False), token_repetition=False
19:06:02 ✅ EOS token detected! Stopping generation at step 16
19:06:07 kald single k=1 t4 'tiere.': 5.9 s for 0.60 s lyd
19:06:07   noun.place.t.pl.end t4: 0.29 s (forhold 0.31) -18.0 LUFS, none: 'None' CER None (None) → FEJL varighed
19:06:08 forcing EOS token, long_tail=tensor(True), alignment_repetition=tensor(False), token_repetition=False
19:06:08 ✅ EOS token detected! Stopping generation at step 18
19:06:13 kald single k=1 t3 'tier.': 6.1 s for 0.68 s lyd
19:06:13   noun.place.t.sg.end t3: 0.33 s (forhold 0.53) -18.17 LUFS, none: 'None' CER None (None) → ok
19:06:16 ✅ EOS token detected! Stopping generation at step 30
19:06:20 kald single k=1 t3 'sekskanter.': 7.1 s for 1.16 s lyd
19:06:21   noun.shape.hexagon.pl.end t3: 0.77 s (forhold 0.82) -18.06 LUFS, none: 'None' CER None (None) → ok
19:06:23 ✅ EOS token detected! Stopping generation at step 28
19:06:28 kald single k=1 t3 'sekskanter,': 7.0 s for 1.08 s lyd
19:06:28   noun.shape.hexagon.pl.mid t3: 0.83 s (forhold 0.88) -18.13 LUFS, none: 'None' CER None (None) → ok
19:06:30 ✅ EOS token detected! Stopping generation at step 27
19:06:35 kald single k=1 t3 'ottekanter.': 7.1 s for 1.04 s lyd
19:06:35   noun.shape.octagon.pl.end t3: 0.79 s (forhold 0.63) -18.0 LUFS, none: 'None' CER None (None) → ok
19:06:38 ✅ EOS token detected! Stopping generation at step 37
19:06:43 kald single k=1 t3 'ottekanter,': 7.8 s for 1.44 s lyd
19:06:43   noun.shape.octagon.pl.mid t3: 0.68 s (forhold 0.54) -18.0 LUFS, none: 'None' CER None (None) → ok
19:06:45 ✅ EOS token detected! Stopping generation at step 28
19:06:50 kald single k=1 t3 'femkanter.': 7.1 s for 1.08 s lyd
19:06:51   noun.shape.pentagon.pl.end t3: 0.71 s (forhold 0.76) -18.06 LUFS, none: 'None' CER None (None) → ok
19:06:53 ✅ EOS token detected! Stopping generation at step 35
19:06:58 kald single k=1 t3 'femkanter,': 7.7 s for 1.36 s lyd
19:06:59   noun.shape.pentagon.pl.mid t3: 0.69 s (forhold 0.74) -18.13 LUFS, none: 'None' CER None (None) → ok
19:07:00 ✅ EOS token detected! Stopping generation at step 25
19:07:05 kald single k=1 t3 'romben.': 6.7 s for 0.96 s lyd
19:07:06   noun.shape.rhombus.def.end t3: 0.50 s (forhold 0.80) -18.22 LUFS, none: 'None' CER None (None) → ok
19:07:08 ✅ EOS token detected! Stopping generation at step 31
19:07:13 kald single k=1 t3 'romben,': 7.4 s for 1.20 s lyd
19:07:13   noun.shape.rhombus.def.mid t3: 0.55 s (forhold 0.88) -18.15 LUFS, none: 'None' CER None (None) → ok
19:07:16 ✅ EOS token detected! Stopping generation at step 33
19:07:21 kald single k=1 t3 'en rombe.': 7.4 s for 1.28 s lyd
19:07:21   noun.shape.rhombus.indef.end t3: 0.57 s (forhold 0.61) -18.0 LUFS, none: 'None' CER None (None) → ok
19:07:23 ✅ EOS token detected! Stopping generation at step 29
19:07:28 kald single k=1 t3 'en rombe,': 7.0 s for 1.12 s lyd
19:07:28   noun.shape.rhombus.indef.mid t3: 0.62 s (forhold 0.66) -18.0 LUFS, none: 'None' CER None (None) → ok
19:07:31 ✅ EOS token detected! Stopping generation at step 39
19:07:36 kald single k=1 t3 'en halvcirkel,': 8.3 s for 1.52 s lyd
19:07:36   noun.shape.semicircle.indef.mid t3: 0.88 s (forhold 0.70) -18.0 LUFS, none: 'None' CER None (None) → ok
19:07:38 ✅ EOS token detected! Stopping generation at step 25
19:07:43 kald single k=1 t3 'keglen,': 6.7 s for 0.96 s lyd
19:07:43   noun.solid.cone.def.mid t3: 0.62 s (forhold 0.99) -18.15 LUFS, none: 'None' CER None (None) → ok
19:07:46 ✅ EOS token detected! Stopping generation at step 26
19:07:50 kald single k=1 t3 'kuglen.': 6.8 s for 1.00 s lyd
19:07:51   noun.solid.sphere.def.end t3: 0.61 s (forhold 0.98) -18.0 LUFS, none: 'None' CER None (None) → ok
19:07:52 ✅ EOS token detected! Stopping generation at step 24
19:07:57 kald single k=1 t3 'kuglen,': 6.6 s for 0.92 s lyd
19:07:57   noun.solid.sphere.def.mid t3: 0.65 s (forhold 1.04) -18.0 LUFS, none: 'None' CER None (None) → ok
19:07:59 ✅ EOS token detected! Stopping generation at step 22
19:08:04 kald single k=1 t3 'kugler.': 6.5 s for 0.84 s lyd
19:08:04   noun.solid.sphere.pl.end t3: 0.46 s (forhold 0.74) -18.0 LUFS, none: 'None' CER None (None) → ok
19:08:06 ✅ EOS token detected! Stopping generation at step 20
19:08:10 kald single k=1 t3 'gram.': 6.3 s for 0.76 s lyd
19:08:11   noun.unit.g.end t3: 0.23 s (forhold 0.73) -18.52 LUFS, none: 'None' CER None (None) → ok
19:08:12 ✅ EOS token detected! Stopping generation at step 19
19:08:17 kald single k=1 t3 'gram,': 6.2 s for 0.72 s lyd
19:08:17   noun.unit.g.mid t3: 0.26 s (forhold 0.82) -18.61 LUFS, none: 'None' CER None (None) → ok
19:08:20 ✅ EOS token detected! Stopping generation at step 34
19:08:25 kald single k=1 t3 'Bunken,': 7.7 s for 1.32 s lyd
19:08:25   s.kind.share.pile t3: 0.45 s (forhold 0.72) -18.18 LUFS, none: 'None' CER None (None) → ok
19:08:25 sammensætning runde 3: 364 af 457 bestået
19:08:28   sammensat frag.betal + n.end.5: 'betalt 5' CER 0.125 (wav2vec2, whisper: 'Hospital 5') → FEJL
19:08:30   sammensat frag.betal + n.end.4: 'Betal 4' CER 0.000 (whisper, wav2vec2: 'betalt 4') → ok
19:08:32   sammensat frag.det_er + hint.change.is: 'der r' CER 0.429 (wav2vec2, whisper: 'Det er R') → FEJL
19:08:35   sammensat frag.det_er + hint.nl.andGo: 'det er at gå' CER 0.222 (wav2vec2, whisper: 'Det er at gå') → FEJL
19:08:37   sammensat frag.det_er + hint.place.worthEnd: 'det er hver' CER 0.333 (wav2vec2, whisper: 'Det er hver') → FEJL
19:08:39   sammensat frag.det_er + name.baby.fox: 'det er reve hvalp' CER 0.071 (wav2vec2, whisper: 'Det er Revevalp') → FEJL
19:08:41   sammensat frag.det_er + name.baby.owl: 'det er ole unge' CER 0.154 (wav2vec2, whisper: 'Det er uleunge') → FEJL
19:08:44   sammensat frag.det_er + name.baby.squirrel: 'det er i er nunge' CER 0.143 (wav2vec2, whisper: 'Det er I er nogle') → FEJL
19:08:47   sammensat frag.det_er + name.breed.foal: 'det er enhjørninge født' CER 0.105 (wav2vec2, whisper: 'Det er Enhjørningefødt') → FEJL
19:08:47   sammensat frag.det_er + name.color.fox.c5: 'det er guldrød' CER 0.000 (wav2vec2) → ok
19:08:49   sammensat frag.det_er + name.color.hamster.c1: 'det er apricos' CER 0.167 (wav2vec2, whisper: 'Det er aprikos') → FEJL
19:08:52   sammensat frag.det_er + name.color.horse.c1: 'det er fux' CER 0.222 (wav2vec2, whisper: 'Det er Fuchs') → FEJL
19:08:54   sammensat frag.det_er + name.color.horse.c5: 'det er poet' CER 0.273 (wav2vec2, whisper: 'Det er poet') → FEJL
19:08:56   sammensat frag.det_er + name.color.unicorn.c4: 'det er mindt' CER 0.111 (wav2vec2, whisper: 'Det er ment') → FEJL
19:08:58   sammensat frag.det_er + name.item.fest-head: 'det er fest' CER 0.250 (wav2vec2, whisper: 'Det er fest') → FEJL
19:09:01   sammensat frag.det_er + name.item.kongelig-back: 'det er kongekulpe' CER 0.214 (wav2vec2, whisper: 'Det er kongekorpe') → FEJL
19:09:03   sammensat frag.det_er + name.item.kongelig-face: 'det er monoke' CER 0.083 (wav2vec2, whisper: 'Det er monoke') → FEJL
19:09:05   sammensat frag.det_er + name.item.ridder-back: 'det er ridderkarpen' CER 0.125 (wav2vec2, whisper: 'Det er høderkappe') → FEJL
19:09:08   sammensat frag.det_er + name.item.rytter-hand: 'det er gulverød' CER 0.167 (wav2vec2, whisper: 'Det er Gullerød') → FEJL
19:09:10   sammensat frag.det_er + name.item.talmagiker-body: 'det er tryljekjorte' CER 0.111 (wav2vec2, whisper: 'Det er tryllekortet') → FEJL
19:09:13   sammensat frag.det_er + name.item.vinter-head: 'det er pelcho' CER 0.250 (wav2vec2, whisper: 'Det er pædagog') → FEJL
19:09:15   sammensat frag.det_er + name.region.w1-tal100: 'det er 100 marken' CER 0.000 (wav2vec2, whisper: 'Det er 100 af marken') → FEJL
19:09:18   sammensat frag.det_er + name.region.w1-tieren: 'det er tøvebroen' CER 0.071 (wav2vec2, whisper: 'Det er Tøvbroen') → FEJL
19:09:20   sammensat frag.det_er + name.region.w2-gange: 'det er gangekorten' CER 0.176 (wav2vec2, whisper: 'Det er gangekortet') → FEJL
19:09:23   sammensat frag.det_er + name.region.w2-hundreder: 'det er på neebroen' CER 0.278 (wav2vec2, whisper: 'Det er hun redder broen') → FEJL
19:09:25   sammensat frag.det_er + name.species.fox: 'det er rev' CER 0.125 (wav2vec2, whisper: 'Det er rev') → FEJL
19:09:28   sammensat frag.det_er + name.species.owl: 'det er roleg' CER 0.333 (wav2vec2, whisper: 'Det er Ole') → FEJL
19:09:30   sammensat frag.det_er + name.species.unicorn: 'det er en hjørning' CER 0.000 (wav2vec2, whisper: 'Det er en hjørning') → FEJL
19:09:32   sammensat frag.det_er + noun.coin.100.def.mid: 'det er en kronen' CER 0.000 (wav2vec2, whisper: 'Det er en krone') → FEJL
19:09:35   sammensat frag.det_er + noun.coin.100.indef.mid: 'det er en en krone' CER 0.000 (wav2vec2, whisper: 'Det er en en krone') → FEJL
19:09:37   sammensat frag.det_er + noun.coin.100.pl.end: 'det er en krone' CER 0.077 (wav2vec2, whisper: 'Det er en kroner') → FEJL
19:09:40   sammensat frag.det_er + noun.coin.100.pl.mid: 'det er en krone' CER 0.077 (wav2vec2, whisper: 'Det er en kroner') → FEJL
19:09:42   sammensat frag.det_er + noun.coin.10000.def.end: 'det er 100 kronsedlen' CER 0.087 (wav2vec2, whisper: 'Det er 100 kroner sælgen') → FEJL
19:09:45   sammensat frag.det_er + noun.coin.10000.def.mid: 'det er 100 kronsedlen' CER 0.087 (wav2vec2, whisper: 'Det er 100 kroner sædvanlig') → FEJL
19:09:48   sammensat frag.det_er + noun.coin.10000.indef.mid: 'det er en 100 kron seddel' CER 0.080 (wav2vec2, whisper: 'Det er en 100 kroner salg') → FEJL
19:09:51   sammensat frag.det_er + noun.coin.10000.pl.end: 'det er 100 kroncedler' CER 0.130 (wav2vec2, whisper: 'Det er 100 kroner sedler') → FEJL
19:09:53   sammensat frag.det_er + noun.coin.10000.pl.mid: 'det er 100 kronsedler' CER 0.087 (wav2vec2, whisper: 'Det er 100 kroner sedler') → FEJL
19:09:56   sammensat frag.det_er + noun.coin.2000.def.end: 'det er 20 krone' CER 0.067 (wav2vec2, whisper: 'Det er tøvekronen') → FEJL
19:09:59   sammensat frag.det_er + noun.coin.2000.def.mid: 'det er 20 kroen' CER 0.067 (wav2vec2, whisper: 'Det er 20 kroner') → FEJL
19:10:01   sammensat frag.det_er + noun.coin.2000.pl.end: 'det er 20 krr' CER 0.200 (wav2vec2, whisper: 'Det er 20 kroner') → FEJL
19:10:04   sammensat frag.det_er + noun.coin.2000.pl.mid: 'det er 20 krer' CER 0.133 (wav2vec2, whisper: 'Det er 20 kroner') → FEJL
19:10:07   sammensat frag.det_er + noun.coin.20000.def.end: 'det er 200 kronisedlen' CER 0.080 (wav2vec2, whisper: 'Det er 200 kroner sædden') → FEJL
19:10:10   sammensat frag.det_er + noun.coin.20000.def.mid: 'det er 200 kronsedlen' CER 0.080 (wav2vec2, whisper: 'Det er 200 kroner sædlen') → FEJL
19:10:13   sammensat frag.det_er + noun.coin.20000.indef.mid: 'det er en 200 kronesæddel' CER 0.074 (wav2vec2, whisper: 'Det er en 200 kroner seddel') → FEJL
19:10:16   sammensat frag.det_er + noun.coin.20000.pl.end: 'det er 200 kronsedler' CER 0.080 (wav2vec2, whisper: 'Det er 200 kroner sæler') → FEJL
19:10:18   sammensat frag.det_er + noun.coin.20000.pl.mid: 'det er 200 kronsedler' CER 0.080 (wav2vec2, whisper: 'Det er 200 kroner sedler') → FEJL
19:10:21   sammensat frag.det_er + noun.coin.50.def.end: 'det er 50 ørne' CER 0.111 (wav2vec2, whisper: 'Det er 50 øerne') → FEJL
19:10:23   sammensat frag.det_er + noun.coin.50.def.mid: 'det er 50øren' CER 0.000 (wav2vec2, whisper: 'Det er 50 øren') → FEJL
19:10:26   sammensat frag.det_er + noun.coin.50.indef.mid: 'det er en 50 øer' CER 0.105 (wav2vec2, whisper: 'Det er en halvtredsøer') → FEJL
19:10:29   sammensat frag.det_er + noun.coin.50.pl.end: 'det er 50 yrer' CER 0.056 (wav2vec2, whisper: 'Det er 50 øer') → FEJL
19:10:31   sammensat frag.det_er + noun.coin.50.pl.mid: 'det er 50 ører' CER 0.000 (wav2vec2, whisper: 'Det er 50 øer') → FEJL
19:10:33   sammensat frag.det_er + noun.coin.500.def.mid: 'det er 5 krone' CER 0.071 (wav2vec2, whisper: 'Det er 5 kroner') → FEJL
19:10:36   sammensat frag.det_er + noun.coin.500.pl.end: 'det er 5 kroner' CER 0.000 (wav2vec2, whisper: 'Det er 5 kroner') → FEJL
19:10:38   sammensat frag.det_er + noun.coin.500.pl.mid: 'det er 5 kr' CER 0.286 (wav2vec2, whisper: 'Det er 5 kroner') → FEJL
19:10:41   sammensat frag.det_er + noun.coin.5000.def.end: 'det er 50 kron sædlen' CER 0.080 (wav2vec2, whisper: 'Det er 50 kroner sædlen') → FEJL
19:10:44   sammensat frag.det_er + noun.coin.5000.def.mid: 'det er 50 kronsedlen' CER 0.040 (wav2vec2, whisper: 'Det er 50 kroner sædlen') → FEJL
19:10:47   sammensat frag.det_er + noun.coin.5000.indef.mid: 'det er en 50 kronesæddel' CER 0.037 (wav2vec2, whisper: 'Det er en 50 kroner seddel') → FEJL
19:10:49   sammensat frag.det_er + noun.coin.5000.pl.end: 'det er 50 kron cedler' CER 0.080 (wav2vec2, whisper: 'Det er 50 kroner sedler') → FEJL
19:10:52   sammensat frag.det_er + noun.coin.5000.pl.mid: 'det er 50 kronsedler' CER 0.040 (wav2vec2, whisper: 'Det er 50 kroner sedler') → FEJL
19:10:55   sammensat frag.det_er + noun.coin.50000.def.end: 'det er 500 krone i sædgen' CER 0.154 (wav2vec2, whisper: 'Det er 500 kroner i sædden') → FEJL
19:10:58   sammensat frag.det_er + noun.coin.50000.def.mid: 'det er 500 kron i sedlen' CER 0.077 (wav2vec2, whisper: 'Det er 500 kroner i sedlen') → FEJL
19:11:01   sammensat frag.det_er + noun.coin.50000.indef.mid: 'det er en 500 kronsædel' CER 0.143 (wav2vec2, whisper: 'Det er en 500 kroner seddel') → FEJL
19:11:04   sammensat frag.det_er + noun.coin.50000.pl.end: 'det er 500 kronesedler' CER 0.038 (wav2vec2, whisper: 'Det er 500 kroner i sedler') → FEJL
19:11:06   sammensat frag.det_er + noun.coin.50000.pl.mid: 'det er 500 kronecedler' CER 0.077 (wav2vec2, whisper: 'Det er 500 kroner i sedler') → FEJL
19:11:09   sammensat frag.det_er + noun.digit.1.end: 'det er et tallet' CER 0.077 (wav2vec2, whisper: 'Det er et tallet') → FEJL
19:11:11   sammensat frag.det_er + noun.digit.1.mid: 'det er et tallet' CER 0.077 (wav2vec2, whisper: 'Det er et tallet') → FEJL
19:11:14   sammensat frag.det_er + noun.mt.comb: 'det er én kamp' CER 0.100 (wav2vec2, whisper: 'Det er én kamp') → FEJL
19:11:16   sammensat frag.det_er + noun.mt.whale: 'det er en væg' CER 0.273 (wav2vec2, whisper: 'Det er en vag') → FEJL
19:11:18   sammensat frag.det_er + noun.place.h.pl.end: 'det er på nhøder' CER 0.357 (wav2vec2, whisper: 'Det er hun hører') → FEJL
19:11:21   sammensat frag.det_er + noun.place.h.pl.mid: 'det er hunreder' CER 0.071 (wav2vec2, whisper: 'Det er hun redder') → FEJL
19:11:23   sammensat frag.det_er + noun.place.h.sg.end: 'det er punrede' CER 0.154 (wav2vec2, whisper: 'Det er hun reddet') → FEJL
19:11:25   sammensat frag.det_er + noun.place.t.sg.end: 'det er 10' CER 0.222 (wav2vec2, whisper: 'Det er 10') → FEJL
19:11:28   sammensat frag.det_er + noun.shape.hexagon.pl.end: 'det er 6 kanter' CER 0.000 (wav2vec2, whisper: 'Det er seks kanter') → FEJL
19:11:30   sammensat frag.det_er + noun.shape.hexagon.pl.mid: 'det er 6 kanter' CER 0.000 (wav2vec2, whisper: 'Det er seks kanter') → FEJL
19:11:33   sammensat frag.det_er + noun.shape.octagon.pl.end: 'det er 8 kanter' CER 0.000 (wav2vec2, whisper: 'Det er 8 kanter') → FEJL
19:11:35   sammensat frag.det_er + noun.shape.octagon.pl.mid: 'det er 8 kanter' CER 0.000 (wav2vec2, whisper: 'Det er 8 kanter') → FEJL
19:11:38   sammensat frag.det_er + noun.shape.pentagon.pl.end: 'Det er femkanter' CER 0.000 (whisper, wav2vec2: 'det er 5mkanter') → ok
19:11:40   sammensat frag.det_er + noun.shape.pentagon.pl.mid: 'det er 5 kanter' CER 0.000 (wav2vec2, whisper: 'Det er 5 kanter') → FEJL
19:11:43   sammensat frag.det_er + noun.shape.rhombus.def.end: 'det er hombel' CER 0.182 (wav2vec2, whisper: 'Det er Hånden') → FEJL
19:11:45   sammensat frag.det_er + noun.shape.rhombus.def.mid: 'det er homben' CER 0.091 (wav2vec2, whisper: 'Det er Hommen') → FEJL
19:11:47   sammensat frag.det_er + noun.shape.rhombus.indef.end: 'det er en rompe' CER 0.083 (wav2vec2, whisper: 'Det er en rompe') → FEJL
19:11:50   sammensat frag.det_er + noun.shape.rhombus.indef.mid: 'det er en rumpe' CER 0.167 (wav2vec2, whisper: 'Det er en rumpe') → FEJL
19:11:52   sammensat frag.det_er + noun.shape.semicircle.indef.mid: 'det er en halsirdy' CER 0.294 (wav2vec2, whisper: 'Det er en halv sjette') → FEJL
19:11:54   sammensat frag.det_er + noun.solid.cone.def.mid: 'det er kregled' CER 0.182 (wav2vec2, whisper: 'Det er kajen') → FEJL
19:11:57   sammensat frag.det_er + noun.solid.sphere.def.end: 'det er koen' CER 0.273 (wav2vec2, whisper: 'Det er koden') → FEJL
19:11:59   sammensat frag.det_er + noun.solid.sphere.def.mid: 'det er corin' CER 0.455 (wav2vec2, whisper: 'Det er koden') → FEJL
19:12:01   sammensat frag.det_er + noun.solid.sphere.pl.end: 'det er kola' CER 0.364 (wav2vec2, whisper: 'Det er cola') → FEJL
19:12:04   sammensat frag.det_er + noun.unit.g.end: 'det er kam' CER 0.222 (wav2vec2, whisper: 'Det er kram') → FEJL
19:12:06   sammensat frag.det_er + noun.unit.g.mid: 'det er kram' CER 0.111 (wav2vec2, whisper: 'Det er kram') → FEJL
19:12:06   sammensat frag.det_er + s.kind.share.pile: 'det er bunken' CER 0.000 (wav2vec2) → ok
19:12:06 sammensætning runde 4: 367 af 457 bestået
19:12:06 sammensætning runde 5: 367 af 457 bestået
19:12:06   ✓ master frag.betal t1 (IKKE bestået: sammensætning)
19:12:06   ✓ master frag.den_er t0 (bestået)
19:12:06   ✓ master frag.det_dobbelte_af t1 (bestået)
19:12:06   ✓ master frag.du_betaler_med t0 (bestået)
19:12:06   ✓ master frag.halvdelen_af t1 (bestået)
19:12:06   ✓ master frag.hvad_er_klokken t0 (bestået)
19:12:06   ✓ master frag.hvor_mange_penge t0 (bestået)
19:12:06   ✓ master frag.inverseOps.so t0 (bestået)
19:12:07   ✓ master frag.klokken_er t0 (bestået)
19:12:07   ✓ master frag.koster t0 (bestået)
19:12:07   ✓ master frag.muldiv.delt_med t0 (bestået)
19:12:07   sammensat frag.stil_uret_saa_klokken_er + n.end.5: 'stil urdet så klokken er 5' CER 0.045 (wav2vec2) → ok
19:12:07   sammensat frag.stil_uret_saa_klokken_er + n.end.4: 'stil urdet så klokken er4' CER 0.043 (wav2vec2) → ok
19:12:08   sammensat frag.stil_uret_saa_klokken_er + n.end.5: 'stile uret så klokken er 5' CER 0.045 (wav2vec2) → ok
19:12:08   sammensat frag.stil_uret_saa_klokken_er + n.end.4: 'stil uret så klokken er 4' CER 0.000 (wav2vec2) → ok
19:12:08   sammensat frag.stil_uret_saa_klokken_er + n.end.5: 'stil uret så klokken er 5' CER 0.000 (wav2vec2) → ok
19:12:09   sammensat frag.stil_uret_saa_klokken_er + n.end.4: 'stil uret så klokken er 4' CER 0.000 (wav2vec2) → ok
19:12:12   sammensat frag.stil_uret_saa_klokken_er + n.end.5: 'stelordet så tlokken er 5' CER 0.182 (wav2vec2, whisper: 'Stig i ordet så klokken er 5') → FEJL
19:12:15   sammensat frag.stil_uret_saa_klokken_er + n.end.4: 'stilordet så tlokken er 4' CER 0.130 (wav2vec2, whisper: 'Steg ordet så klokken er 4') → FEJL
19:12:18   sammensat frag.stil_uret_saa_klokken_er + n.end.5: 'stil i ordet så klokken er 5' CER 0.136 (wav2vec2, whisper: 'Stil i ordet så klokken er 5') → FEJL
19:12:21   sammensat frag.stil_uret_saa_klokken_er + n.end.4: 'stil i ordet så klokken r4' CER 0.174 (wav2vec2, whisper: 'Stil i ordet så klokken er 4') → FEJL
19:12:21   ✓ master frag.stil_uret_saa_klokken_er t2 (IKKE bestået: asr)
19:12:21   ✓ master h.end.200 t0 (bestået)
19:12:21   ✓ master h.end.400 t0 (bestået)
19:12:21   ✓ master h.end.500 t0 (bestået)
19:12:21   ✓ master h.end.600 t0 (bestået)
19:12:21   ✓ master h.end.700 t0 (bestået)
19:12:21   ✓ master h.end.800 t0 (bestået)
19:12:21   ✓ master h.end.900 t0 (bestået)
19:12:22   ✓ master h.mid.200 t0 (bestået)
19:12:22   ✓ master h.mid.300 t0 (bestået)
19:12:22   ✓ master h.mid.400 t0 (bestået)
19:12:22   ✓ master h.mid.500 t0 (bestået)
19:12:22   ✓ master h.mid.700 t0 (bestået)
19:12:22   ✓ master h.mid.800 t0 (bestået)
19:12:22   ✓ master h.mid.900 t0 (bestået)
19:12:22   ✓ master hint.addsub2.backTo t0 (bestået)
19:12:22   ✓ master hint.addsub2.forwardTo t0 (bestået)
19:12:22   ✓ master hint.addsub2.together t0 (bestået)
19:12:22   ✓ master hint.change.from t0 (bestået)
19:12:22   ✓ master hint.change.to t0 (bestået)
19:12:22   ✓ master hint.clock.at t0 (bestået)
19:12:22   ✓ master hint.coinNames.itSays t0 (bestået)
19:12:22   ✓ master hint.coinNames.on t0 (bestået)
19:12:22   ✓ master hint.composeShapes.madeOf t0 (bestået)
19:12:22   ✓ master hint.composeShapes.takes t0 (bestået)
19:12:22   ✓ master hint.composeShapes.toIt t0 (bestået)
19:12:22   ✓ master hint.fractionShape.ofThem t0 (bestået)
19:12:22   ✓ master hint.halves.soHalfOf t0 (bestået)
19:12:22   ✓ master hint.inverseOps.soGives t0 (bestået)
19:12:22   ✓ master hint.measureUnits.clipsLong t0 (bestået)
19:12:22   ✓ master hint.measureUnits.cubesLong t0 (bestået)
19:12:22   ✓ master hint.measureUnits.thingIs t0 (bestået)
19:12:23   ✓ master hint.missingPart10.countTo t2 (bestået)
19:12:23   ✓ master hint.nl.forward t2 (bestået)
19:12:23   ✓ master hint.nl.liesBetween t0 (bestået)
19:12:23   ✓ master hint.nl.liesMidway t0 (bestået)
19:12:23   ✓ master hint.nl.startAt t0 (bestået)
19:12:23   ✓ master hint.order.after t0 (bestået)
19:12:23   ✓ master hint.order.before t0 (bestået)
19:12:23   ✓ master hint.order.comes t1 (bestået)
19:12:23   ✓ master hint.order.tenLessThan t0 (bestået)
19:12:23   ✓ master hint.order.tenMoreThan t1 (bestået)
19:12:23   ✓ master hint.place.butThereAre t0 (bestået)
19:12:23   ✓ master hint.place.has t1 (bestået)
19:12:23   ✓ master hint.place.rodIs t1 (bestået)
19:12:23   ✓ master hint.place.rodsAre t0 (bestået)
19:12:23   ✓ master hint.place.soItIs t0 (bestået)
19:12:23   ✓ master hint.readChart.stars t0 (bestået)
19:12:23   ✓ master hint.rulerRead.countFrom t0 (bestået)
19:12:23   ✓ master hint.rulerRead.endsAt t0 (bestået)
19:12:23   ✓ master hint.rulerRead.long t0 (bestået)
19:12:23   ✓ master hint.rulerRead.soItIs t1 (bestået)
19:12:23   ✓ master hint.rulerRead.startsAt t0 (bestået)
19:12:23   ✓ master hint.sidesCorners.corners t0 (bestået)
19:12:23   ✓ master hint.sidesCorners.has t0 (bestået)
19:12:24   ✓ master hint.sidesCorners.sides t0 (bestået)
19:12:24   ✓ master hint.skipCount.everyHop t0 (bestået)
19:12:24   ✓ master hint.skipCount.everyHopBack t0 (bestået)
19:12:24   ✓ master hint.unitChoice.measuredIn t0 (bestået)
19:12:24   ✓ master hog.200 t0 (bestået)
19:12:24   ✓ master hog.400 t1 (bestået)
19:12:24   ✓ master hog.500 t0 (bestået)
19:12:24   ✓ master hog.700 t1 (bestået)
19:12:24   ✓ master hog.800 t1 (bestået)
19:12:24   ✓ master hog.900 t0 (bestået)
19:12:24   ✓ master n.end.1000 t0 (bestået)
19:12:24   ✓ master n.mid.1000 t0 (bestået)
19:12:24   ✓ master name.baby.hamster t0 (bestået)
19:12:24   ✓ master name.baby.horse t1 (bestået)
19:12:24   ✓ master name.baby.lamb t0 (bestået)
19:12:24   ✓ master name.baby.panda t0 (bestået)
19:12:24   ✓ master name.breed.arabian t0 (bestået)
19:12:24   ✓ master name.breed.fjord t0 (bestået)
19:12:24   ✓ master name.breed.shetland t0 (bestået)
19:12:24   ✓ master name.breed.starhorn t0 (bestået)
19:12:24   ✓ master name.breed.wavy t0 (bestået)
19:12:27   sammensat frag.det_er + name.color.fox.c2: 'det er po' CER 0.300 (wav2vec2, whisper: 'Det er pop') → FEJL
19:12:29   sammensat frag.det_er + name.color.fox.c2: 'det er po' CER 0.300 (wav2vec2, whisper: 'Det er på') → FEJL
19:12:31   sammensat frag.det_er + name.color.fox.c2: 'det er po' CER 0.300 (wav2vec2, whisper: 'Det er på') → FEJL
19:12:33   sammensat frag.det_er + name.color.fox.c2: 'det er poi' CER 0.300 (wav2vec2, whisper: 'Det er') → FEJL
19:12:33   ✓ master name.color.fox.c2 t1 (IKKE bestået: sammensætning)
19:12:33   ✓ master name.color.fox.c3 t2 (bestået)
19:12:33   ✓ master name.color.fox.c5 t3 (bestået)
19:12:33   ✓ master name.color.horse.c2 t0 (bestået)
19:12:33   ✓ master name.color.horse.c4 t0 (bestået)
19:12:33   ✓ master name.color.horse.c6 t0 (bestået)
19:12:34   ✓ master name.color.lamb.c6 t0 (bestået)
19:12:34   ✓ master name.color.owl.c2 t0 (bestået)
19:12:34   ✓ master name.color.owl.c4 t0 (bestået)
19:12:34   ✓ master name.color.owl.c5 t0 (bestået)
19:12:34   ✓ master name.color.owl.c6 t0 (bestået)
19:12:34   ✓ master name.color.panda.c1 t0 (bestået)
19:12:34   ✓ master name.color.panda.c6 t0 (bestået)
19:12:34   ✓ master name.color.squirrel.c6 t0 (bestået)
19:12:34   ✓ master name.color.unicorn.c5 t1 (bestået)
19:12:34   ✓ master name.decor.pynt-baenk t0 (bestået)
19:12:34   ✓ master name.decor.pynt-blomsterbed t1 (bestået)
19:12:34   ✓ master name.decor.pynt-dam t2 (bestået)
19:12:34   ✓ master name.decor.pynt-gynge t0 (bestået)
19:12:34   ✓ master name.decor.pynt-lygte t0 (bestået)
19:12:34   ✓ master name.decor.pynt-regnbuebue t0 (bestået)
19:12:34   ✓ master name.decor.pynt-springvand t0 (bestået)
19:12:34   ✓ master name.decor.pynt-traehus t0 (bestået)
19:12:34   ✓ master name.item.fest-back t0 (bestået)
19:12:34   ✓ master name.item.fest-body t2 (bestået)
19:12:34   ✓ master name.item.fest-face t0 (bestået)
19:12:34   ✓ master name.item.fest-hand t0 (bestået)
19:12:34   ✓ master name.item.fest-neck t1 (bestået)
19:12:35   ✓ master name.item.fodbold-back t0 (bestået)
19:12:35   ✓ master name.item.fodbold-body t0 (bestået)
19:12:35   ✓ master name.item.fodbold-face t0 (bestået)
19:12:35   ✓ master name.item.fodbold-hand t0 (bestået)
19:12:35   ✓ master name.item.fodbold-head t0 (bestået)
19:12:35   ✓ master name.item.fodbold-neck t0 (bestået)
19:12:35   ✓ master name.item.kongelig-body t0 (bestået)
19:12:35   ✓ master name.item.kongelig-hand t0 (bestået)
19:12:35   ✓ master name.item.kongelig-head t0 (bestået)
19:12:35   ✓ master name.item.kongelig-neck t0 (bestået)
19:12:35   ✓ master name.item.ridder-body t0 (bestået)
19:12:35   ✓ master name.item.ridder-face t0 (bestået)
19:12:35   ✓ master name.item.ridder-hand t0 (bestået)
19:12:35   ✓ master name.item.ridder-head t0 (bestået)
19:12:35   ✓ master name.item.ridder-neck t0 (bestået)
19:12:35   ✓ master name.item.rytter-back t0 (bestået)
19:12:35   ✓ master name.item.rytter-body t1 (bestået)
19:12:35   ✓ master name.item.rytter-face t1 (bestået)
19:12:35   ✓ master name.item.rytter-head t2 (bestået)
19:12:35   ✓ master name.item.rytter-neck t0 (bestået)
19:12:35   ✓ master name.item.talmagiker-back t0 (bestået)
19:12:36   ✓ master name.item.talmagiker-face t0 (bestået)
19:12:36   ✓ master name.item.talmagiker-hand t0 (bestået)
19:12:36   ✓ master name.item.talmagiker-head t0 (bestået)
19:12:36   ✓ master name.item.talmagiker-neck t2 (bestået)
19:12:36   ✓ master name.item.vinter-back t0 (bestået)
19:12:36   ✓ master name.item.vinter-body t0 (bestået)
19:12:36   ✓ master name.item.vinter-face t0 (bestået)
19:12:36   ✓ master name.item.vinter-hand t0 (bestået)
19:12:36   ✓ master name.item.vinter-neck t0 (bestået)
19:12:36   ✓ master name.region.w1-dobbelt t1 (bestået)
19:12:36   ✓ master name.region.w1-figurer t0 (bestået)
19:12:36   ✓ master name.region.w1-klokken t0 (bestået)
19:12:36   ✓ master name.region.w1-maal-penge t0 (bestået)
19:12:36   ✓ master name.region.w1-tiere t0 (bestået)
19:12:36   ✓ master name.region.w2-figurer t0 (bestået)
19:12:36   ✓ master name.region.w2-klokken t0 (bestået)
19:12:36   ✓ master name.region.w2-maal-data t1 (bestået)
19:12:36   ✓ master name.region.w2-penge t0 (bestået)
19:12:36   ✓ master name.region.w2-tal1000 t0 (bestået)
19:12:36   ✓ master name.region.w2-veksling t0 (bestået)
19:12:37   ✓ master name.set.fest t0 (bestået)
19:12:37   ✓ master name.set.kongelig t0 (bestået)
19:12:37   ✓ master name.set.ridder t0 (bestået)
19:12:37   ✓ master name.set.rytter t0 (bestået)
19:12:37   ✓ master name.species.hamster t0 (bestået)
19:12:37   ✓ master name.species.horse t2 (bestået)
19:12:37   ✓ master name.species.lamb t0 (bestået)
19:12:37   ✓ master name.species.panda t0 (bestået)
19:12:37   ✓ master name.species.squirrel t0 (bestået)
19:12:37   ✓ master name.trophy.animals-15 t0 (bestået)
19:12:37   ✓ master name.trophy.animals-30 t0 (bestået)
19:12:37   ✓ master name.trophy.animals-5 t0 (bestået)
19:12:37   ✓ master name.trophy.first-gold t0 (bestået)
19:12:37   ✓ master name.trophy.first-rainbow t0 (bestået)
19:12:37   ✓ master name.trophy.gold-10 t0 (bestået)
19:12:37   ✓ master name.trophy.perfect-round t0 (bestået)
19:12:37   ✓ master name.trophy.set-astronaut t0 (bestået)
19:12:37   ✓ master name.trophy.set-fest t0 (bestået)
19:12:37   ✓ master name.trophy.set-fodbold t0 (bestået)
19:12:37   ✓ master name.trophy.set-hverdag t0 (bestået)
19:12:37   ✓ master name.trophy.set-kongelig t0 (bestået)
19:12:38   ✓ master name.trophy.set-opdager t0 (bestået)
19:12:38   ✓ master name.trophy.set-pirat t0 (bestået)
19:12:38   ✓ master name.trophy.set-ridder t0 (bestået)
19:12:38   ✓ master name.trophy.set-rytter t0 (bestået)
19:12:38   ✓ master name.trophy.set-talmagiker t0 (bestået)
19:12:38   ✓ master name.trophy.set-vinter t0 (bestået)
19:12:38   ✓ master name.trophy.table-complete t0 (bestået)
19:12:38   ✓ master name.trophy.trials-10 t0 (bestået)
19:12:38   ✓ master name.trophy.world-bakke t0 (bestået)
19:12:38   ✓ master name.trophy.world-eng t0 (bestået)
19:12:38   ✓ master name.trophy.world-fjeld t0 (bestået)
19:12:38   ✓ master name.trophy.world-skov t0 (bestået)
19:12:38   ✓ master noun.coin.100.def.end t1 (bestået)
19:12:38   ✓ master noun.coin.1000.def.end t2 (bestået)
19:12:38   ✓ master noun.coin.1000.def.mid t0 (bestået)
19:12:38   ✓ master noun.coin.1000.indef.mid t2 (bestået)
19:12:38   ✓ master noun.coin.1000.pl.end t0 (bestået)
19:12:38   ✓ master noun.coin.1000.pl.mid t0 (bestået)
19:12:38   ✓ master noun.coin.200.def.end t1 (bestået)
19:12:39   ✓ master noun.coin.200.def.mid t0 (bestået)
19:12:39   ✓ master noun.coin.200.indef.mid t0 (bestået)
19:12:39   ✓ master noun.coin.200.pl.end t2 (bestået)
19:12:39   ✓ master noun.coin.200.pl.mid t1 (bestået)
19:12:39   ✓ master noun.coin.2000.indef.mid t0 (bestået)
19:12:39   ✓ master noun.coin.500.def.end t0 (bestået)
19:12:39   ✓ master noun.coin.500.indef.mid t0 (bestået)
19:12:39   ✓ master noun.digit.0.end t0 (bestået)
19:12:39   ✓ master noun.digit.0.mid t1 (bestået)
19:12:39   ✓ master noun.digit.2.end t2 (bestået)
19:12:39   ✓ master noun.digit.2.mid t0 (bestået)
19:12:39   ✓ master noun.digit.3.end t0 (bestået)
19:12:39   ✓ master noun.digit.3.mid t0 (bestået)
19:12:39   ✓ master noun.digit.4.end t0 (bestået)
19:12:39   ✓ master noun.digit.4.mid t2 (bestået)
19:12:39   ✓ master noun.digit.5.end t0 (bestået)
19:12:39   ✓ master noun.digit.5.mid t0 (bestået)
19:12:39   ✓ master noun.digit.6.end t0 (bestået)
19:12:39   ✓ master noun.digit.6.mid t0 (bestået)
19:12:39   ✓ master noun.digit.7.end t2 (bestået)
19:12:40   ✓ master noun.digit.7.mid t0 (bestået)
19:12:40   ✓ master noun.digit.8.end t0 (bestået)
19:12:40   ✓ master noun.digit.8.mid t0 (bestået)
19:12:40   ✓ master noun.digit.9.end t1 (bestået)
19:12:40   ✓ master noun.digit.9.mid t1 (bestået)
19:12:40   ✓ master noun.frac.1_2.end t0 (bestået)
19:12:40   ✓ master noun.frac.1_2.mid t0 (bestået)
19:12:40   ✓ master noun.frac.1_3.mid t0 (bestået)
19:12:40   ✓ master noun.frac.1_4.mid t0 (bestået)
19:12:40   ✓ master noun.frac.2_3.mid t0 (bestået)
19:12:40   ✓ master noun.frac.3_4.mid t0 (bestået)
19:12:40   ✓ master noun.mt.bridge t0 (bestået)
19:12:40   ✓ master noun.mt.bus t0 (bestået)
19:12:40   ✓ master noun.mt.carrot t0 (bestået)
19:12:40   ✓ master noun.mt.fork t1 (bestået)
19:12:40   ✓ master noun.mt.house t0 (bestået)
19:12:40   ✓ master noun.mt.leaf t0 (bestået)
19:12:40   ✓ master noun.mt.lorry t0 (bestået)
19:12:40   ✓ master noun.mt.pencil t0 (bestået)
19:12:40   ✓ master noun.mt.plane t0 (bestået)
19:12:41   ✓ master noun.mt.ship t0 (bestået)
19:12:41   ✓ master noun.mt.shoe t0 (bestået)
19:12:41   ✓ master noun.mt.spoon t0 (bestået)
19:12:41   ✓ master noun.mt.train t0 (bestået)
19:12:41   ✓ master noun.mt.worm t0 (bestået)
19:12:41   ✓ master noun.muldiv.dyr t0 (bestået)
19:12:41   ✓ master noun.place.h.sg.mid t1 (bestået)
19:12:41   ✓ master noun.place.o.pl.end t0 (bestået)
19:12:41   ✓ master noun.place.o.pl.mid t1 (bestået)
19:12:41   ✓ master noun.place.o.sg.end t0 (bestået)
19:12:41   ✓ master noun.place.o.sg.mid t0 (bestået)
19:12:43   sammensat frag.det_er + noun.place.t.pl.end: 'dter1' CER 0.500 (wav2vec2, whisper: 'Det er 10') → FEJL
19:12:45   sammensat frag.det_er + noun.place.t.pl.end: 'dter 1' CER 0.500 (wav2vec2, whisper: 'Det er') → FEJL
19:12:48   sammensat frag.det_er + noun.place.t.pl.end: 'dter 1e' CER 0.400 (wav2vec2, whisper: 'Det er 10') → FEJL
19:12:50   sammensat frag.det_er + noun.place.t.pl.end: 'det er 101' CER 1.000 (wav2vec2, whisper: 'Det er 10') → FEJL
19:12:50   ✓ master noun.place.t.pl.end t3 (IKKE bestået: varighed)
19:12:52   sammensat frag.det_er + noun.place.t.pl.mid: 'der' CER 0.700 (wav2vec2, whisper: 'Det er tipi') → FEJL
19:12:54   sammensat frag.det_er + noun.place.t.pl.mid: 'der 10' CER 0.500 (wav2vec2, whisper: 'Det er 10') → FEJL
19:12:57   sammensat frag.det_er + noun.place.t.pl.mid: 'der 1' CER 0.600 (wav2vec2, whisper: 'Det er tit') → FEJL
19:12:59   sammensat frag.det_er + noun.place.t.pl.mid: 'det er tjo' CER 0.400 (wav2vec2, whisper: 'Det er tiår') → FEJL
19:13:01   sammensat frag.det_er + noun.place.t.pl.mid: 'det er' CER 0.500 (wav2vec2, whisper: 'Det er tit') → FEJL
19:13:01   ✓ master noun.place.t.pl.mid t3 (IKKE bestået: varighed)
19:13:01   ✓ master noun.place.t.sg.mid t0 (bestået)
19:13:01   ✓ master noun.shape.hexagon.def.end t0 (bestået)
19:13:01   ✓ master noun.shape.hexagon.def.mid t0 (bestået)
19:13:01   ✓ master noun.shape.hexagon.indef.end t0 (bestået)
19:13:01   ✓ master noun.shape.hexagon.indef.mid t1 (bestået)
19:13:01   ✓ master noun.shape.octagon.def.end t0 (bestået)
19:13:01   ✓ master noun.shape.octagon.def.mid t0 (bestået)
19:13:02   ✓ master noun.shape.octagon.indef.mid t0 (bestået)
19:13:02   ✓ master noun.shape.pentagon.def.end t0 (bestået)
19:13:02   ✓ master noun.shape.pentagon.def.mid t0 (bestået)
19:13:02   ✓ master noun.shape.pentagon.indef.end t0 (bestået)
19:13:02   ✓ master noun.shape.pentagon.indef.mid t0 (bestået)
19:13:02   ✓ master noun.shape.pentagon.pl.end t3 (bestået)
19:13:02   ✓ master noun.shape.rectangle.def.end t0 (bestået)
19:13:02   ✓ master noun.shape.rectangle.def.mid t0 (bestået)
19:13:02   ✓ master noun.shape.rectangle.indef.mid t2 (bestået)
19:13:02   ✓ master noun.shape.rectangle.pl.end t0 (bestået)
19:13:02   ✓ master noun.shape.rectangle.pl.mid t0 (bestået)
19:13:02   ✓ master noun.shape.rhombus.pl.end t2 (bestået)
19:13:02   ✓ master noun.shape.rhombus.pl.mid t1 (bestået)
19:13:02   ✓ master noun.shape.semicircle.def.end t1 (bestået)
19:13:02   ✓ master noun.shape.semicircle.def.mid t0 (bestået)
19:13:02   ✓ master noun.shape.semicircle.pl.end t0 (bestået)
19:13:02   ✓ master noun.shape.semicircle.pl.mid t0 (bestået)
19:13:02   ✓ master noun.shape.square.def.end t0 (bestået)
19:13:02   ✓ master noun.shape.square.def.mid t0 (bestået)
19:13:02   ✓ master noun.shape.square.indef.end t0 (bestået)
19:13:03   ✓ master noun.shape.square.indef.mid t0 (bestået)
19:13:03   ✓ master noun.shape.square.pl.end t0 (bestået)
19:13:03   ✓ master noun.shape.square.pl.mid t0 (bestået)
19:13:03   ✓ master noun.shape.trapezoid.def.end t1 (bestået)
19:13:03   ✓ master noun.shape.trapezoid.def.mid t2 (bestået)
19:13:03   ✓ master noun.shape.trapezoid.indef.end t0 (bestået)
19:13:03   ✓ master noun.shape.trapezoid.indef.mid t1 (bestået)
19:13:03   ✓ master noun.shape.trapezoid.pl.end t0 (bestået)
19:13:03   ✓ master noun.shape.trapezoid.pl.mid t0 (bestået)
19:13:03   ✓ master noun.solid.cone.def.end t1 (bestået)
19:13:03   ✓ master noun.solid.cone.indef.end t0 (bestået)
19:13:03   ✓ master noun.solid.cone.indef.mid t0 (bestået)
19:13:03   ✓ master noun.solid.cone.pl.end t0 (bestået)
19:13:03   ✓ master noun.solid.cone.pl.mid t0 (bestået)
19:13:03   ✓ master noun.solid.cube.def.end t0 (bestået)
19:13:03   ✓ master noun.solid.cube.def.mid t0 (bestået)
19:13:03   ✓ master noun.solid.cube.indef.end t0 (bestået)
19:13:03   ✓ master noun.solid.cube.indef.mid t0 (bestået)
19:13:03   ✓ master noun.solid.cube.pl.end t0 (bestået)
19:13:03   ✓ master noun.solid.cube.pl.mid t0 (bestået)
19:13:04   ✓ master noun.solid.cuboid.def.end t0 (bestået)
19:13:04   ✓ master noun.solid.cuboid.def.mid t0 (bestået)
19:13:04   ✓ master noun.solid.cuboid.indef.end t0 (bestået)
19:13:04   ✓ master noun.solid.cuboid.indef.mid t0 (bestået)
19:13:04   ✓ master noun.solid.cuboid.pl.end t0 (bestået)
19:13:04   ✓ master noun.solid.cuboid.pl.mid t0 (bestået)
19:13:04   ✓ master noun.solid.cylinder.def.end t0 (bestået)
19:13:04   ✓ master noun.solid.cylinder.def.mid t0 (bestået)
19:13:04   ✓ master noun.solid.cylinder.indef.mid t0 (bestået)
19:13:04   ✓ master noun.solid.cylinder.pl.end t0 (bestået)
19:13:04   ✓ master noun.solid.cylinder.pl.mid t0 (bestået)
19:13:04   ✓ master noun.solid.pyramid.def.end t0 (bestået)
19:13:04   ✓ master noun.solid.pyramid.def.mid t0 (bestået)
19:13:04   ✓ master noun.solid.pyramid.indef.mid t0 (bestået)
19:13:04   ✓ master noun.solid.pyramid.pl.end t0 (bestået)
19:13:04   ✓ master noun.solid.pyramid.pl.mid t0 (bestået)
19:13:04   ✓ master noun.solid.sphere.indef.end t0 (bestået)
19:13:04   ✓ master noun.solid.sphere.indef.mid t0 (bestået)
19:13:04   ✓ master noun.solid.sphere.pl.mid t1 (bestået)
19:13:04   ✓ master noun.unit.cm.end t0 (bestået)
19:13:05   ✓ master noun.unit.cm.mid t0 (bestået)
19:13:05   ✓ master noun.unit.kg.end t0 (bestået)
19:13:05   ✓ master noun.unit.kg.mid t0 (bestået)
19:13:05   ✓ master noun.unit.krone.end t1 (bestået)
19:13:05   ✓ master noun.unit.krone.mid t1 (bestået)
19:13:05   ✓ master noun.unit.krone_og t0 (bestået)
19:13:05   ✓ master noun.unit.kroner.end t0 (bestået)
19:13:05   ✓ master noun.unit.kroner.mid t0 (bestået)
19:13:05   ✓ master noun.unit.kroner_og t0 (bestået)
19:13:05   ✓ master noun.unit.m.end t0 (bestået)
19:13:05   ✓ master noun.unit.m.mid t0 (bestået)
19:13:05   ✓ master noun.unit.ore.end t0 (bestået)
19:13:05   ✓ master noun.unit.ore.mid t1 (bestået)
19:13:05   ✓ master op.gange t0 (bestået)
19:13:05   ✓ master s.composeShapes.howMany t0 (bestået)
19:13:05   ✓ master s.composeShapes.small.square.mid t0 (bestået)
19:13:05   ✓ master s.composeShapes.small.triangle.mid t0 (bestået)
19:13:05   ✓ master s.fractionShape.colour t1 (bestået)
19:13:05   ✓ master s.groupsOf.groupsWith t0 (bestået)
19:13:05   ✓ master s.groupsOf.inEach t0 (bestået)
19:13:06   ✓ master s.kind.clockSet.dial t1 (bestået)
19:13:06   ✓ master s.kind.colorParts.part t0 (bestået)
19:13:06   ✓ master s.kind.pay.back t0 (bestået)
19:13:06   ✓ master s.kind.pay.purse t0 (bestået)
19:13:06   ✓ master s.kind.pay.tray t1 (bestået)
19:13:06   ✓ master s.kind.share.pile t3 (bestået)
19:13:06   ✓ master s.kind.share.plate t0 (bestået)
19:13:06   ✓ master s.money.itCosts t0 (bestået)
19:13:06   ✓ master s.nl.hopFrom t0 (bestået)
19:13:06   ✓ master s.nl.place t0 (bestået)
19:13:06   ✓ master s.place.build t0 (bestået)
19:13:06   ✓ master s.shareEqually.between t0 (bestået)
19:13:06   ✓ master s.shareEqually.share t2 (bestået)
19:13:06   ✓ master t.end.105 t0 (bestået)
19:13:06   ✓ master t.end.150 t0 (bestået)
19:13:06   ✓ master t.end.165 t0 (bestået)
19:13:06   ✓ master t.end.210 t0 (bestået)
19:13:06   ✓ master t.end.270 t0 (bestået)
19:13:06   ✓ master t.end.285 t0 (bestået)
19:13:06   ✓ master t.end.30 t0 (bestået)
19:13:07   ✓ master t.end.330 t0 (bestået)
19:13:07   ✓ master t.end.345 t0 (bestået)
19:13:07   ✓ master t.end.390 t0 (bestået)
19:13:07   ✓ master t.end.405 t0 (bestået)
19:13:07   ✓ master t.end.45 t0 (bestået)
19:13:07   ✓ master t.end.450 t0 (bestået)
19:13:07   ✓ master t.end.510 t0 (bestået)
19:13:07   ✓ master t.end.525 t0 (bestået)
19:13:07   ✓ master t.end.570 t0 (bestået)
19:13:07   ✓ master t.end.585 t0 (bestået)
19:13:07   ✓ master t.end.690 t0 (bestået)
19:13:07   ✓ master t.end.705 t0 (bestået)
19:13:07   ✓ master t.end.90 t0 (bestået)
19:13:07   ✓ master t.part.halv t0 (bestået)
19:13:07   ✓ master t.part.kvart_i t0 (bestået)
19:13:07   ✓ master t.part.kvart_over t0 (bestået)
19:13:07   ✓ master hint.composeShapes.on = kopi af hint.coinNames.on (samme tekst)
19:13:07   ✓ master hint.mul2510.skipBy = kopi af hint.countCoins.skipBy (samme tekst)
19:13:07   ✓ master hint.rulerRead.to = kopi af hint.change.to (samme tekst)
19:13:08   ✓ master name.baby.unicorn = kopi af name.baby.horse (samme tekst)
19:13:08   ✓ master name.color.unicorn.c3 = kopi af name.color.panda.c6 (samme tekst)
19:13:08   ✓ master name.color.unicorn.c6 = kopi af name.color.fox.c3 (samme tekst)
19:13:08   ✓ master name.set.fodbold = kopi af name.item.fodbold-hand (samme tekst)
19:13:08 færdig: 423 nye mastere (26 ikke bestået, 7 kopier), 451 modelkald, 66.5 min generering (CPU 4.27 t), 88 klip mangler
